TU_Name	TU_Direction	Overlapping_TU	Overlapping_Direction
nhaR	+	nhaAR	+
nhaR	+	nhaAR	+
exuT	+	exuT	+
mioC	-	asnC-mioC	-
mioC	-	asnC-mioC-mnmG	-
araBAD	-	polB	-
groSL	+	groSL	+
groSL	+	groL	+
groSL	+	groL	+
groSL	+	groL	+
argQ	-	serV-argVYZQ	-
hupB	+	hupB	+
hupB	+	hupB	+
hupB	+	hupB	+
rsmE-gshB1	+	rsmE-gshB2	+
rsmE-gshB1	+	endA	+
rsmE-gshB1	+	endA	+
rsmE-gshB2	+	endA	+
rsmE-gshB2	+	endA	+
pdeG	+	ymgF1	+
bssS	-	bssS	-
bssS	-	bssS	-
ygjI1	+	ygjI2	+
ygjI1	+	ebgAC	+
ygjI2	+	ebgAC	+
yghA1	+	yqhA1	-
yghA1	+	yqhA2	-
ydhC1	+	ydhC2	+
ydhC1	+	ydhC3	+
ydhC2	+	ydhC3	+
yeaM	-	yeaL	+
abrB	-	nei	+
abrB	-	ybgIJKL-nei	+
abrB	-	ybgIJKL-nei	+
treR	-	treR	-
treR	-	treR	-
treR	-	treR	-
dmsABC	+	dmsABC	+
dmsABC	+	dmsC	+
dmsABC	+	dmsABC	+
sroA	-	sgrR-sroA-thiBPQ	-
htpG	+	htpG	+
htpG	+	htpG	+
aroKB-damX-dam-rpe-gph-trpS	-	damX-dam-rpe-gph-trpS	-
aroKB-damX-dam-rpe-gph-trpS	-	dam-rpe-gph-trpS	-
aroKB-damX-dam-rpe-gph-trpS	-	rpe-gph-trpS	-
aroKB-damX-dam-rpe-gph-trpS	-	dam-rpe-gph-trpS	-
aroKB-damX-dam-rpe-gph-trpS	-	trpS	-
aroKB-damX-dam-rpe-gph-trpS	-	aroKB-damX-dam-rpe-gph-trpS	-
trkA	+	rsmB1	+
glnAZ	-	glnAZLG	-
glnAZ	-	glnLG	-
glnAZ	-	glnAZLG	-
glnAZ	-	glnLG	-
glnAZ	-	glnAZ	-
osmB	-	osmB	-
osmB	-	osmB	-
infB	-	metY-yhbC-nusA-infB-rbfA-truB-rpsO-pnp	-
infB	-	rimP-nusA-infB	-
infB	-	metY-yhbC-nusA-infB	-
infB	-	metY-yhbC-nusA-infB-rbfA-truB-rpsO-pnp	-
infB	-	nusA-infB	-
znuA	-	yebA1	-
znuA	-	yebA2	-
znuA	-	yebA3	-
znuA	-	znuCB	+
yfeR1	-	yfeH1	+
yfeR1	-	yfeH2	+
ytfH1	+	ytfH2	+
ftsAZ	+	ftsZ	+
ftsAZ	+	ftsZ	+
ftsAZ	+	ftsLI-murEF-mraY-murD-ftsW-murGC-ddlB-ftsQAZ-lpxC	+
ftsAZ	+	ftsQ	+
ftsAZ	+	ftsQAZ	+
ftsAZ	+	stfZ	-
ftsAZ	+	ftsQAZ	+
ftsAZ	+	rsmH-ftsLI-murEF-mraY-murD-ftsW-murGC-ddlB-ftsQAZ-lpxC	+
ftsAZ	+	ftsZ	+
ftsAZ	+	mraZW-ftsLI-murEF-mraY-murD-ftsW-murGC-ddlB-ftsQAZ-lpxC	+
ftsAZ	+	stfZ	-
ftsAZ	+	stfZ	-
ftsAZ	+	ftsLI-murEF-mraY-murD-ftsW-murGC-ddlB-ftsQAZ-lpxC	+
cspG1	+	cspH1	-
cspG1	+	cspH5	-
cspG1	+	cspH7	-
gapA	+	gapA	+
gapA	+	gapA	+
gapA	+	gapA	+
gapA	+	gapA	+
gapA	+	gapA-yeaD	+
gapA	+	gapA	+
ybjS1	-	ybjQ-amiD	+
ybjS1	-	poxB-ltaE-ybjT1	-
ybjS1	-	poxB-ltaE-ybjT2	-
ybjS1	-	ltaE-ybjT	-
mhpABCDFE	+	mhpR-lacI	-
mhpABCDFE	+	mhpR-lacI	-
lptAB	+	kdsC-lptCAB	+
lptAB	+	kdsC-lptCAB	+
lptAB	+	kdsC-lptCAB	+
lptAB	+	lptB-rpoN-hpf-ptsN-yhbJ	+
lptAB	+	lptAB	+
lptAB	+	rpoN-hpf-ptsN-yhbJ-npr	+
lptAB	+	yrbG-kdsDC-lptCAB	+
oppA	+	oppABCDF	+
oppA	+	oppBCDF	+
thrS-infC-rpmI-rplT-pheMST-ihfA	-	rplT	-
thrS-infC-rpmI-rplT-pheMST-ihfA	-	rpmI-rplT	-
thrS-infC-rpmI-rplT-pheMST-ihfA	-	pheM	-
thrS-infC-rpmI-rplT-pheMST-ihfA	-	rplT-pheM	-
thrS-infC-rpmI-rplT-pheMST-ihfA	-	thrS-infC	-
thrS-infC-rpmI-rplT-pheMST-ihfA	-	pheMST-ihfA	-
thrS-infC-rpmI-rplT-pheMST-ihfA	-	infC-rpmI-rplT	-
thrS-infC-rpmI-rplT-pheMST-ihfA	-	ihfA	-
thrS-infC-rpmI-rplT-pheMST-ihfA	-	infC	-
cyaR	+	cyaR	+
cyaR	+	cyaR	+
mlc-ynfK	-	mlc	-
mlc-ynfK	-	mlc-ynfK	-
mlc-ynfK	-	ynfK1	-
mlc-ynfK	-	ynfK2	-
mlc-ynfK	-	clcB	+
ulaG	-	ulaR1	-
appY	+	appY	+
appY	+	appY	+
yjhA	-	nanCMS	-
yjhA	-	nanCM	-
pta	+	ackA-pta1	+
pta	+	ackA	+
rrsD-ileU-alaU-rrlD-rrfD-thrV-rrfF	-	rrsD-ileU-alaU-rrlD-rrfD-thrV-rrfF	-
rrsD-ileU-alaU-rrlD-rrfD-thrV-rrfF	-	rrsD-ileU-alaU-rrlD-rrfD-thrV-rrfF	-
uvrB	+	uvrB	+
uvrB	+	uvrB	+
yraM	+	yraN	+
araFGH	-	araFGH	-
araFGH	-	araFGH	-
yjaH1	+	hupA	+
aidB	+	aidB	+
ybjQ-amiD	+	ybjP	-
paoABCD	-	yagP	-
prfB-lysS	-	dsbC-recJ-prfB	-
yqaE	-	yqaE-kbp	-
yafNOP	+	dinB-yafNOP	+
yafNOP	+	dinB-yafNOP	+
citR-ybdNM	-	ybdN	-
citR-ybdNM	-	ybdO	-
citR-ybdNM	-	ybdM1	-
ssb	+	ssb	+
ssb	+	ssb	+
hokB	-	mokB1	-
yccE	+	cbpA-cbpM	-
yccE	+	cbpA-cbpM	-
fucAO	-	fucO	-
gntT	+	gntT	+
gntT	+	gntT	+
ymgA-ariR	+	ycgZ-ymgA-ariR-ymgC	+
ymgA-ariR	+	ycgZ-ymgA-ariR-ymgC	+
ymgA-ariR	+	ariR	+
appY	+	appY	+
secG-leuU	-	leuU	-
secG-leuU	-	secG1	-
secG-leuU	-	secG2	-
secG-leuU	-	secG-leuU	-
gntK	-	gntR	-
gntK	-	gntR	-
gntK	-	gntU1	-
gntK	-	gntR	-
gntK	-	gntKU	-
gntK	-	gntRKU	-
argX-hisR-leuT-proM	+	aslB	+
ivbL	-	ivbL-ilvBN	-
ivbL	-	ivbL-ilvBN-uhpABC1	-
pstS	-	pstSCA	-
pstS	-	pstSCA	-
pstS	-	pstSCAB-phoU	-
pstS	-	pstS	-
pstS	-	pstCAB-phoU	-
pstS	-	pstCAB-phoU	-
pstS	-	pstSCAB-phoU	-
pspBCDE	+	pspABCDE	+
pspBCDE	+	pspE	+
panZ1	+	panZ2	+
mnmA	-	hflD-purB	-
ydjO1	-	ydjO2	-
ydjO1	-	ydjO3	-
ydjO1	-	ydjO4	-
ydjO1	-	ydjO5	-
ydjO2	-	ydjO3	-
ydjO2	-	ydjO4	-
ydjO2	-	ydjO5	-
ydjO3	-	ydjO4	-
ydjO3	-	ydjO5	-
ydjO4	-	ydjO5	-
yqhA1	-	yqhA2	-
yfgA	-	ispG-sroE1	-
yfgA	-	ispG-sroE2	-
yfgA	-	ispG-sroE3	-
dacA1	-	dacA2	-
clpA	+	clpA	+
clpA	+	clpS	+
clpA	+	clpA	+
gntR	-	gntR	-
gntR	-	gntR	-
gntR	-	gntKU	-
gntR	-	gntRKU	-
cvpA-purF-ubiX	-	ubiX	-
cvpA-purF-ubiX	-	cvpA-purF-ubiX	-
nfo	+	yeiI1	+
rpoH	-	rpoH	-
rpoH	-	rpoH	-
rpoH	-	rpoH	-
rpoH	-	rpoH	-
rpoH	-	rpoH	-
dmsABC	+	dmsC	+
dmsABC	+	dmsABC	+
uvrD	+	uvrD	+
yfaE1	+	yfaE2	+
yfaE1	+	nrdAB-yfaE	+
yfaE2	+	nrdAB-yfaE	+
rnpB	-	garPLRK-rnpB	-
degQ	+	degS	+
degQ	+	degQS	+
yjbFGH	+	yjbEFGH	+
yjbFGH	+	yjbEFGH	+
yaiX	-	yaiO1	-
yaiX	-	yaiO2	-
yaiX	-	yaiO3	-
yaiX	-	insC1CD1D1	+
yaiX	-	yaiP1	-
pepD	-	pepD	-
pepD	-	pepD	-
feaR	-	feaR	-
feaR	-	feaR	-
feaR	-	feaR	-
dkgAp // dkgA	+	yqhD-dkgA	+
gatR_2	-	insE5EF5F5	+
cspE	+	cspE	+
yceI1	-	yceJI	-
yceI1	-	yceJI	-
mepS	+	mepS	+
adhE	-	adhE	-
adhE	-	adhE	-
clpA	+	clpS	+
clpA	+	clpA	+
ecpA	-	ecpBCDE	-
ecpA	-	ecpR	-
ygiD1	-	ygiD2	-
ygiD2	-	zupT	+
yecM-cutC1	-	yecM-cutC2	-
yecM-cutC1	-	micL	-
yecM-cutC2	-	micL	-
queF	+	syd1	-
ybaV1	+	ppiD	+
ybaV1	+	ppiD	+
glk	-	glk	-
glk	-	glk	-
glk	-	glk	-
yhbQ1	+	ubiT-yhbS	-
yhbQ1	+	ubiT-yhbS	-
dapB	+	dapB	+
rpsLG-fusA-tufA	-	tufA	-
rpsLG-fusA-tufA	-	fusA-tufA	-
rpsLG-fusA-tufA	-	tufA	-
cyaA	+	cyaA	+
cyaA	+	cyaA	+
glnS	+	glnS	+
glnS	+	glnS	+
eno	-	pyrG-eno	-
eno	-	eno	-
eno	-	eno	-
eno	-	eno	-
eno	-	eno	-
eno	-	pyrG-eno	-
eno	-	eno	-
eno	-	pyrG-eno	-
eno	-	eno	-
eno	-	eno	-
pstSCA	-	pstSCA	-
pstSCA	-	pstSCAB-phoU	-
pstSCA	-	pstB-phoU	-
pstSCA	-	pstS	-
pstSCA	-	pstCAB-phoU	-
pstSCA	-	pstB-phoU	-
pstSCA	-	pstCAB-phoU	-
pstSCA	-	pstSCAB-phoU	-
rrsG-gltW-rrlG-rrfG	-	rrsG-gltW-rrlG-rrfG	-
rrsG-gltW-rrlG-rrfG	-	rrsG-gltW-rrlG-rrfG	-
rrsG-gltW-rrlG-rrfG	-	rrfG	-
dsbC-recJ-prfB	-	xerD-dsbC-recJ	-
dsbC-recJ-prfB	-	dsbC	-
dsbC-recJ-prfB	-	xerD-dsbC-recJ	-
dsbC-recJ-prfB	-	xerD1	-
dsbC-recJ-prfB	-	xerD2	-
rbsDACBKR	+	yieP-hsrA	-
ptrA	-	ptrA-recBD	-
yibA	+	rhsA-yibA	+
glnW-metU-glnVX	-	metT-leuW-glnUW-metU-glnVX	-
ybgA-phr	+	ybgA-phr	+
ybgA-phr	+	phr	+
napFDAGHBC-ccmABCDEFGH	-	napFDAGHBC	-
napFDAGHBC-ccmABCDEFGH	-	napFDAGHBC-ccmABCDEFGH	-
napFDAGHBC-ccmABCDEFGH	-	ccmABCDEFGH	-
ybeZY	-	ybeZYX-lnt	-
kbp	-	yqaE-kbp	-
glsB-yneG	-	sad-glsB-yneG1	-
gapA	+	gapA	+
gapA	+	gapA	+
gapA	+	gapA	+
gapA	+	gapA-yeaD	+
gapA	+	msrB	-
gapA	+	gapA	+
sgrST-setA	+	sgrST-setA	+
sdaCB	+	ygdG1	+
ftsZ	+	ftsZ	+
ftsZ	+	ftsLI-murEF-mraY-murD-ftsW-murGC-ddlB-ftsQAZ-lpxC	+
ftsZ	+	ftsQAZ	+
ftsZ	+	stfZ	-
ftsZ	+	ftsQAZ	+
ftsZ	+	rsmH-ftsLI-murEF-mraY-murD-ftsW-murGC-ddlB-ftsQAZ-lpxC	+
ftsZ	+	ftsZ	+
ftsZ	+	mraZW-ftsLI-murEF-mraY-murD-ftsW-murGC-ddlB-ftsQAZ-lpxC	+
ftsZ	+	stfZ	-
ftsZ	+	stfZ	-
ftsZ	+	ftsLI-murEF-mraY-murD-ftsW-murGC-ddlB-ftsQAZ-lpxC	+
pldA	+	recQ	+
intD1	-	exoD	-
yliI	+	gstB	-
yaiY1	-	yaiY2	-
yaiY1	-	yaiZ	+
yaiY2	-	yaiZ	+
wecH	+	ysaB1	-
fixABCX	+	yaaU	+
rcnAB	+	rcnR	-
rcnAB	+	rcnB1	+
insB7	+	insA-71	+
insB7	+	insA-72	+
ymfK	-	ymfJ3	-
glpQ	-	glpTQ	-
ybiO1	-	ybiO2	-
ybiO1	-	ybiN	+
ybiO2	-	ybiN	+
dapE-ypfN	+	yffB-dapE-ypfN	+
epd-pgk-fbaA	-	epd-pgk	-
epd-pgk-fbaA	-	epd-pgk	-
epd-pgk-fbaA	-	epd-pgk-fbaA	-
epd-pgk-fbaA	-	pgk-fbaA	-
epd-pgk-fbaA	-	pgk-fbaA	-
epd-pgk-fbaA	-	pgk	-
epd-pgk-fbaA	-	pgk	-
epd-pgk-fbaA	-	pgk	-
epd-pgk-fbaA	-	pgk-fbaA	-
yzcX	+	cyaY1	-
focA-pflB	-	pflB	-
focA-pflB	-	focA-pflB	-
focA-pflB	-	pflB	-
focA-pflB	-	pflB	-
focA-pflB	-	pflB	-
focA-pflB	-	pflB	-
focA-pflB	-	focA-pflB	-
ampC	-	frdABCD	-
ampC	-	frdABCD	-
adhE	-	adhE	-
ypjD1	+	ypjD2	+
ypjD1	+	ffh	-
metJ	-	metJ	-
metJ	-	metJ	-
ydfV	+	relBE-hokD	-
rdlD	+	ldrD	-
yciCB	-	yciA1	-
hisS	-	yfgM	-
hisS	-	ispG-sroE1	-
hisS	-	ispG-sroE2	-
hisS	-	ispG-sroE3	-
hisS	-	yfgM	-
hisS	-	yfGM	-
cadBA	-	cadA	-
mhpR-lacI	-	mhpR-lacI	-
mhpR-lacI	-	lacI	-
pyrLBI	-	pyrLBI	-
dicB-ydfDE-insD-intQ	+	ydfABC-dicFB-ydfD	+
metY-yhbC-nusA-infB-rbfA-truB-rpsO-pnp	-	rimP-nusA-infB	-
metY-yhbC-nusA-infB-rbfA-truB-rpsO-pnp	-	pnp	-
metY-yhbC-nusA-infB-rbfA-truB-rpsO-pnp	-	sraG	+
metY-yhbC-nusA-infB-rbfA-truB-rpsO-pnp	-	metY-yhbC-nusA-infB	-
metY-yhbC-nusA-infB-rbfA-truB-rpsO-pnp	-	rpsO	-
metY-yhbC-nusA-infB-rbfA-truB-rpsO-pnp	-	nlpI1	-
metY-yhbC-nusA-infB-rbfA-truB-rpsO-pnp	-	metY-yhbC-nusA-infB-rbfA-truB-rpsO-pnp	-
metY-yhbC-nusA-infB-rbfA-truB-rpsO-pnp	-	nusA-infB	-
metY-yhbC-nusA-infB-rbfA-truB-rpsO-pnp	-	metY	-
metY-yhbC-nusA-infB-rbfA-truB-rpsO-pnp	-	metY	-
metY-yhbC-nusA-infB-rbfA-truB-rpsO-pnp	-	rpsO-pnp	-
ydiY1	-	ydiY2	-
ydiY1	-	ydiY3	-
ydiY2	-	ydiY3	-
pabA	-	yhfG-fic-pabA	-
pykF	+	pykF	+
pykF	+	pykF	+
pykF	+	pykF	+
pykF	+	pykF	+
pykF	+	pykF	+
alaA-yfbR1	+	alaA-yfbR2	+
alaA-yfbR1	+	alaA	+
alaA-yfbR1	+	yfbR	+
alaA-yfbR2	+	alaA	+
alaA-yfbR2	+	yfbR	+
gadEF	+	gadEF	+
gadEF	+	gadEF-mdtEF	+
gadEF	+	gadE-mdtEF	+
fkpA	-	slyX1	+
fkpA	-	fkpA	-
dapD	-	map-glnD-dapD	-
deaD1	-	yrbN-deaD	-
deaD1	-	yrbN-deaD	-
arcA	-	arcA	-
arcA	-	arcA	-
arcA	-	arcA	-
arcA	-	yjjY1	+
arcA	-	arcA	-
arcA	-	arcA	-
arcA	-	creABCD	+
arcA	-	creD	+
arcA	-	arcA	-
tyrP	+	yecH1	-
tyrP	+	tyrP	+
gpmM-envC-yibQ	+	yibN1	-
gpmM-envC-yibQ	+	yibD	-
gpmM-envC-yibQ	+	yibD1	-
gpmM-envC-yibQ	+	gpmM-envC-yibQ	+
gpmM-envC-yibQ	+	yibN-grxC-secB-gpsA	-
yeiQ1	+	yeiQ2	+
gadAX	-	gadAX	-
gadAX	-	gadY	+
gadAX	-	gadXW	-
gadAX	-	gadX	-
yhcN1	+	yhcN2	+
rfaDFCL	+	rfaDFCL	+
rfaDFCL	+	rfaDFCL	+
rfaDFCL	+	rfaDFCL	+
mdtL	+	yidZ	+
yjjW	-	yjjI	-
rpsA-ihfB	+	ycaI-msbA-lpxK-ycaQ1	+
rpsA-ihfB	+	ycaI-msbA-lpxK-ycaQ3	+
rpsA-ihfB	+	cmk-rpsA	+
rpsA-ihfB	+	rpsA-ihfB	+
rpsA-ihfB	+	ihfB	+
rpsA-ihfB	+	ihfB	+
aroF-tyrA	-	pheLA	+
pyrG-eno	-	eno	-
pyrG-eno	-	eno	-
pyrG-eno	-	eno	-
pyrG-eno	-	eno	-
pyrG-eno	-	pyrG-eno	-
pyrG-eno	-	eno	-
pyrG-eno	-	pyrG-eno	-
pyrG-eno	-	eno	-
pyrG-eno	-	eno	-
crr	+	ptsHI-crr	+
crr	+	ptsHI-crr	+
crr	+	ptsHI-crr	+
crr	+	crr	+
crr	+	ptsHI-crr	+
crr	+	ptsHI-crr	+
crr	+	ptsHI-crr	+
yggM1	-	yggM2	-
yggM1	-	yggM3	-
yggM1	-	ansB	-
yggM1	-	ansB	-
yggM2	-	yggM3	-
nuoABCEFGHIJKLMN	-	nuoMN	-
nuoABCEFGHIJKLMN	-	nuoABCEFGHIJKLMN	-
nfuA	+	gntXY	+
nfuA	+	nfuA	+
rhtB	-	pldB-yigL1	+
rhtB	-	pldB-yigL2	+
pykA	+	pykA	+
pykA	+	pykA	+
pykA	+	pykA	+
hisBHAFI	+	hisLGDCBHAFI	+
rfaZ-waaU	-	rfaQGPSBIJYZ-waaU	-
rfaZ-waaU	-	rfaYZ	-
rfaZ-waaU	-	rirA-rfaQGPSBIJYZ-waaU	-
fhuACDB	+	fhuACDB	+
dksA-yadB	-	dksA-yadB	-
dksA-yadB	-	pcnB-folk	-
dksA-yadB	-	pcnB-folK	-
dksA-yadB	-	dksA-gluQ	-
dksA-yadB	-	sfsA-dksA	-
ubiX	-	cvpA-purF-ubiX	-
ptsHI-crr	+	ptsHI-crr	+
ptsHI-crr	+	ptsHI-crr	+
ptsHI-crr	+	crr	+
ptsHI-crr	+	ptsHI-crr	+
ptsHI-crr	+	ptsHI-crr	+
ptsHI-crr	+	ptsHI-crr	+
nei	+	ybgIJKL-nei	+
nei	+	ybgIJKL-nei	+
flhDC	-	asflhD	+
flhDC	-	flhDC	-
flhDC	-	motRAB-cheAW	-
acnB	+	acnB	+
glgCAP	-	glgAP	-
glgCAP	-	glgCAP	-
glgCAP	-	glgCAP	-
glgCAP	-	glgBXCAP	-
nmpC	-	insH-21	-
mglBAC	-	mglBAC	-
mglBAC	-	mglAC	-
bglG	-	bglGFB	-
bglG	-	bglG	-
yidL	+	glvCBG-ysdC	-
yhbO	+	yhbP	-
gpmA	-	gpmA	-
gpmA	-	gpmA	-
gpmA	-	gpmA	-
ompA	-	ompA	-
ispDF	-	truD	-
metJ	-	metJ	-
rrsE-gltV-rrlE-rrfE	+	rrlE-rrfE	+
rrsE-gltV-rrlE-rrfE	+	rrsE-gltV-rrlE-rrfE	+
rrsE-gltV-rrlE-rrfE	+	yjaA2	+
rrsE-gltV-rrlE-rrfE	+	rrsE-gltV-rrlE-rrfE	+
ycgY1	+	ycgY2	+
nuoMN	-	nuoABCEFGHIJKLMN	-
artPIQM	-	artPIQM	-
artPIQM	-	artPIQM	-
artPIQM	-	artPIQM	-
exbD	-	exbBD	-
rpmH-rnpA	+	rpmH-rnpA	+
rpmH-rnpA	+	rpmH-rnpA	+
rseD-rpoE-rseABC	-	rpoE-rseABC	-
rseD-rpoE-rseABC	-	rseABC	-
rseD-rpoE-rseABC	-	rseD-rpoE-rseABC	-
rseD-rpoE-rseABC	-	rseD-rpoE-rseABC	-
rseD-rpoE-rseABC	-	rseD-rpoE-rseABC	-
rseD-rpoE-rseABC	-	rpoE-rseABC	-
rseD-rpoE-rseABC	-	rpoE-rseABC	-
rseD-rpoE-rseABC	-	rpoE-rseABC	-
ffs1	+	ffs2	+
ffs1	+	ffs3	+
ffs1	+	ybaZ	-
ffs2	+	ffs3	+
yodB1	+	yodB2	+
yodB1	+	yodB3	+
yodB1	+	yodB4	+
yodB2	+	yodB3	+
yodB2	+	yodB4	+
yodB3	+	yodB4	+
clpB	-	clpB	-
clpB	-	ryfD	-
napFDAGHBC	-	napFDAGHBC-ccmABCDEFGH	-
napFDAGHBC	-	ccmABCDEFGH	-
ymdA	+	csgC	+
ymdA	+	csgBAC	+
ymdA	+	csgBAC	+
ymdA	+	ymdAB-clsC	+
ymdA	+	ymdAB	+
mlc	-	mlc-ynfK	-
ftsK	+	ftsK	+
xdhABC	+	xdhABC	+
acpT	+	nikABCDER	+
aaeXAB	-	yhcO1	-
norR1	-	norR	-
norR1	-	srlAEBD-gutM-srlR-gutQ	+
ycfT1	-	ycfT2	-
mlc-ynfK	-	ynfK1	-
mlc-ynfK	-	ynfK2	-
mlc-ynfK	-	clcB	+
slyB	+	slyB	+
lacYA	-	lacZYA	-
lacYA	-	lacZYA	-
lacYA	-	lacZYA	-
lacYA	-	cynTSX	+
lacYA	-	lacZYA	-
yhhQ1	+	dcrB1	+
yhhQ1	+	dcrB4	+
sokB	+	mokB1	-
manXYZ	+	manXYZ-yobD	+
yggE	-	argO	-
yggE	-	yggE	-
ygjH1	-	ygjH2	-
ydfABC-dicFB-ydfD	+	dicF	+
ydfABC-dicFB-ydfD	+	ydfABC	+
tolC-ygiBC	+	tolC-ygiBC	+
tolC-ygiBC	+	tolC-ygiBC	+
tolC-ygiBC	+	tolC-ygiBC	+
yohO1	+	osmF-yehYXW	-
yohO1	+	mlrA	+
yohO1	+	mlrA	+
yohO1	+	osmF-yehYXW1	-
yihW	+	yihV-csqR	+
csgC	+	csgBAC	+
csgC	+	csgBAC	+
csgC	+	ymdAB-clsC	+
csgC	+	ymdAB	+
hemL	-	hemL	-
hemL	-	hemL	-
hdeAB-yhiD	-	hdeAB-yhiD	-
hdeAB-yhiD	-	yhiD1	-
hdeAB-yhiD	-	yhiD2	-
dcuR	-	dcuSR	-
ycbZ1	-	matP	+
ppdAB-ygdB-ppdC-recC	-	recC	-
fepA-entD1	-	fepA-entD	-
metA	+	metA	+
clpS	+	clpA	+
arcA	-	arcA	-
arcA	-	arcA	-
arcA	-	yjjY1	+
arcA	-	arcA	-
arcA	-	arcA	-
arcA	-	creABCD	+
arcA	-	creD	+
arcA	-	arcA	-
allB	+	allB	+
allB	+	ybbY-glxK	+
allB	+	allB	+
allB	+	gcl-hyi-glxR-ybbVW-allB-ybbY-glxK	+
acnA	+	acnA	+
acnA	+	acnA	+
acnA	+	acnA	+
aroL-yaiA-aroM	+	aroM	+
aroL-yaiA-aroM	+	yaiA-aroM	+
aroL-yaiA-aroM	+	aroL-yaiA-aroM	+
ycbC	-	ycbJ	+
lgt	-	lgt-thyA	-
lgt	-	thyA	-
pdeL	+	pdeL	+
pdeL	+	pdeL	+
rrlA-rrfA	+	rrsA-ileT-alaT-rrlA-rrfA	+
rrlA-rrfA	+	rrsA-ileT-alaT-rrlA-rrfA	+
rrlA-rrfA	+	rrsA-ileT-alaT-rrlA-rrfA	+
ygbE1	-	cysDNC	-
uspA	+	uspA	+
uspA	+	uspA	+
fadR	+	fadR	+
csgDEFG	-	csgDEFG	-
csgDEFG	-	csgDEFG	-
csgDEFG	-	csgDEFG	-
narK	+	narK	+
fliFGHIJK	+	fliFGHIJK	+
insC2D2CD2	-	ydbA	+
yraQ1	-	yraQ2	-
atpBEFHAGDC	-	atpIBEFHAGDC	-
atpBEFHAGDC	-	atpBEFHAGDC	-
yjcO1	-	yjcO2	-
yjcO1	-	yjcO3	-
yjcO1	-	yjcO4	-
yjcO1	-	fdhF	-
yjcO2	-	yjcO3	-
yjcO2	-	yjcO4	-
yjcO2	-	fdhF	-
yjcO3	-	yjcO4	-
nagBACD	-	nagC	-
nagBACD	-	nagC	-
nagBACD	-	nagA	-
nagBACD	-	umpH	-
gabDTP	+	gabDTP	+
gabDTP	+	csiD-ygaF-gabDTP	+
gabDTP	+	gabDTP	+
mltF	+	pgpC-tadA	-
ydiL	+	ydiM1	+
ydiL	+	ydiM2	+
aroP	-	aroP	-
rsmD-yhhL1	+	rsmD-yhhL2	+
rsmD-yhhL1	+	rsmD-yhhL3	+
rsmD-yhhL1	+	rsmD-yhhL4	+
rsmD-yhhL2	+	rsmD-yhhL3	+
rsmD-yhhL2	+	rsmD-yhhL4	+
rsmD-yhhL3	+	rsmD-yhhL4	+
ryfA1	+	sseB	-
fsr1	-	fsr2	-
fsr1	-	fsr3	-
fsr1	-	fsr4	-
fsr2	-	fsr3	-
fsr2	-	fsr4	-
fsr3	-	fsr4	-
mltD1	-	mltD2	-
dksA-yadB	-	pcnB-folk	-
dksA-yadB	-	pcnB-folK	-
dksA-yadB	-	dksA-gluQ	-
dksA-yadB	-	sfsA-dksA	-
uvrB	+	uvrB	+
hofQ	-	hofMNOP	-
talA-tktB	+	talA	+
talA-tktB	+	talA-tktB	+
talA-tktB	+	tktB	+
ycgZ1	+	ycgZ2	+
ycgZ1	+	ycgZ-ymgA-ariR-ymgC	+
ycgZ1	+	ycgZ-ymgA-ariR-ymgC	+
ycgZ2	+	ycgZ-ymgA-ariR-ymgC	+
ycgZ2	+	ycgZ-ymgA-ariR-ymgC	+
argF	-	argF-xynR1	-
asr	+	asr	+
pspF	-	pspABCDE	+
pspF	-	pspF	-
pspF	-	pspF	-
dfp	+	dut-slmA	+
ribE-nusB-thiL-pgpA	+	nrdR-ribDE-nusB-thiL-pgpA	+
yegI1	-	yegI2	-
yegI1	-	yegI3	-
yegI1	-	yegJ1	+
yegI1	-	yegJ2	+
yegI2	-	yegI3	-
yegI2	-	yegJ1	+
yegI2	-	yegJ2	+
yneK1	+	yneK2	+
yneK2	+	yneJ1	+
yneK2	+	yneJ2	+
xapR	-	xapR	-
xapR	-	valUXY-lysV	+
sokC	+	mokC-hokC	-
safA-ydeO	-	ydeO	-
asflhD	+	flhDC	-
valS	-	holC-valS	-
valS	-	holC1	-
valS	-	valS	-
nanA	-	nanATEK-yhcH	-
slyA1	-	slyA2	-
slyA1	-	slyA3	-
slyA2	-	slyA3	-
slyA2	-	ydhIJK	+
map-glnD-dapD	-	glnD	-
araE-ygeA	-	lysR	+
araE-ygeA	-	araE	-
araE-ygeA	-	ygeA1	-
ftsZ	+	ftsLI-murEF-mraY-murD-ftsW-murGC-ddlB-ftsQAZ-lpxC	+
ftsZ	+	ftsQAZ	+
ftsZ	+	stfZ	-
ftsZ	+	ftsQAZ	+
ftsZ	+	rsmH-ftsLI-murEF-mraY-murD-ftsW-murGC-ddlB-ftsQAZ-lpxC	+
ftsZ	+	ftsZ	+
ftsZ	+	mraZW-ftsLI-murEF-mraY-murD-ftsW-murGC-ddlB-ftsQAZ-lpxC	+
ftsZ	+	stfZ	-
ftsZ	+	stfZ	-
ftsZ	+	ftsLI-murEF-mraY-murD-ftsW-murGC-ddlB-ftsQAZ-lpxC	+
rrsD-ileU-alaU-rrlD-rrfD-thrV-rrfF	-	rrsD-ileU-alaU-rrlD-rrfD-thrV-rrfF	-
kup	+	kup	+
kup	+	kup	+
nemRA	+	nemA	+
nemRA	+	ydhM	+
nemRA	+	nemRA-gloA	+
rrsA-ileT-alaT-rrlA-rrfA	+	rrsA-ileT-alaT-rrlA-rrfA	+
rrsA-ileT-alaT-rrlA-rrfA	+	rrsA-ileT-alaT-rrlA-rrfA	+
ybhA1	-	ybhA2	-
ybhA2	-	pgl1	+
pqiABC	+	pqiABC	+
pqiABC	+	rlmL-uup	+
pqiABC	+	pqiABC	+
pqiABC	+	pqiABC	+
pqiABC	+	ymbA	+
yafZ	-	ykfA-yafZ	-
mazEF	-	mazE1	-
mazEF	-	mazE2	-
mazEF	-	mazEFG	-
mazEF	-	mazEFG	-
mazEF	-	relA-mazEF	-
mazEF	-	relA-mazEF	-
mazEF	-	ameF	+
evgAS	+	evgAS	+
ybdF1	-	ybdJ1	-
ybdF1	-	ybdJ2	-
ybdF1	-	ybdJ3	-
ybdF1	-	ybdJ4	-
sraA	-	clpPX	+
sraA	-	clpPX	+
sraA	-	clpPX	+
sraA	-	clpX-lon	+
msrPQ	+	hiuH-msrPQ	+
cpxRA	-	cpxRA	-
micF	+	micF	+
ybdN	-	ybdM1	-
ycaI-msbA-lpxK-ycaQ1	+	ycaI-msbA-lpxK-ycaQ2	+
ycaI-msbA-lpxK-ycaQ1	+	ycaI-msbA-lpxK-ycaQ3	+
ycaI-msbA-lpxK-ycaQ1	+	rpsA-ihfB	+
ycaI-msbA-lpxK-ycaQ1	+	ihfB	+
ycaI-msbA-lpxK-ycaQ1	+	ihfB	+
ycaI-msbA-lpxK-ycaQ2	+	ycaI-msbA-lpxK-ycaQ3	+
ycaI-msbA-lpxK-ycaQ3	+	rpsA-ihfB	+
ycaI-msbA-lpxK-ycaQ3	+	ihfB	+
ycaI-msbA-lpxK-ycaQ3	+	ihfB	+
yegX1	-	yegX2	-
yegX1	-	thiMD	-
yegX2	-	thiMD	-
yicG	+	ligB1	-
yicG	+	ligB2	-
wzbc	-	wza-wzb-wzc-wcaAB	-
xanP1	+	xanP2	+
carB	+	carAB	+
carB	+	carAB	+
uspC1	+	uspC2	+
uspC1	+	uspC3	+
uspC1	+	uspC4	+
uspC1	+	uspC5	+
uspC1	+	uspC6	+
uspC1	+	otsA	-
uspC1	+	otsBA	-
uspC1	+	otsBA	-
uspC2	+	uspC3	+
uspC2	+	uspC4	+
uspC2	+	uspC5	+
uspC2	+	uspC6	+
uspC2	+	otsA	-
uspC2	+	otsBA	-
uspC2	+	otsBA	-
uspC3	+	uspC4	+
uspC3	+	uspC5	+
uspC3	+	uspC6	+
uspC3	+	otsA	-
uspC3	+	otsBA	-
uspC3	+	otsBA	-
uspC4	+	uspC5	+
uspC4	+	uspC6	+
uspC4	+	otsA	-
uspC4	+	otsBA	-
uspC4	+	otsBA	-
uspC5	+	uspC6	+
uspC5	+	otsA	-
uspC5	+	otsBA	-
uspC5	+	otsBA	-
uspC6	+	otsA	-
uspC6	+	otsBA	-
uspC6	+	otsBA	-
ftsLI-murEF-mraY-murD-ftsW-murGC-ddlB-ftsQAZ-lpxC	+	ftsQ	+
ftsLI-murEF-mraY-murD-ftsW-murGC-ddlB-ftsQAZ-lpxC	+	ftsQAZ	+
ftsLI-murEF-mraY-murD-ftsW-murGC-ddlB-ftsQAZ-lpxC	+	stfZ	-
ftsLI-murEF-mraY-murD-ftsW-murGC-ddlB-ftsQAZ-lpxC	+	ftsQAZ	+
ftsLI-murEF-mraY-murD-ftsW-murGC-ddlB-ftsQAZ-lpxC	+	lpxC	+
ftsLI-murEF-mraY-murD-ftsW-murGC-ddlB-ftsQAZ-lpxC	+	rsmH-ftsLI-murEF-mraY-murD-ftsW-murGC-ddlB-ftsQAZ-lpxC	+
ftsLI-murEF-mraY-murD-ftsW-murGC-ddlB-ftsQAZ-lpxC	+	ftsZ	+
ftsLI-murEF-mraY-murD-ftsW-murGC-ddlB-ftsQAZ-lpxC	+	mraZW-ftsLI-murEF-mraY-murD-ftsW-murGC-ddlB-ftsQAZ-lpxC	+
ftsLI-murEF-mraY-murD-ftsW-murGC-ddlB-ftsQAZ-lpxC	+	lpxC	+
ftsLI-murEF-mraY-murD-ftsW-murGC-ddlB-ftsQAZ-lpxC	+	stfZ	-
ftsLI-murEF-mraY-murD-ftsW-murGC-ddlB-ftsQAZ-lpxC	+	stfZ	-
ftsLI-murEF-mraY-murD-ftsW-murGC-ddlB-ftsQAZ-lpxC	+	ftsLI-murEF-mraY-murD-ftsW-murGC-ddlB-ftsQAZ-lpxC	+
ybhD1	-	ybhD2	-
ybhD1	-	ybhH2	+
ybhD2	-	ybhH1	+
ybhD2	-	ybhH2	+
pstSCA	-	pstSCAB-phoU	-
pstSCA	-	pstB-phoU	-
pstSCA	-	pstS	-
pstSCA	-	pstCAB-phoU	-
pstSCA	-	pstB-phoU	-
pstSCA	-	pstCAB-phoU	-
pstSCA	-	pstSCAB-phoU	-
dps	-	dps	-
trpLEDCBA	-	trpCBA	-
trpLEDCBA	-	trpL	-
uxaB1	-	uxaB2	-
uxaB1	-	uxaB	-
uxaB2	-	uxaB	-
gnsA	+	gnsA	+
gnsA	+	ymcE-gnsA1	+
ecpBCDE	-	ecpBCDE	-
leuU	-	secG1	-
leuU	-	secG2	-
leuU	-	secG-leuU	-
degS	+	degQS	+
feaR	-	feaR	-
feaR	-	feaR	-
ybgIJKL-nei	+	ybgIJKL-nei	+
yhfK	+	crp	+
yhfK	+	crp	+
yhfK	+	crp	+
uxaCA	-	uxaCA	-
cbpA-cbpM	-	cbpA-cbpM	-
cbpA-cbpM	-	cbpAM	-
cbpA-cbpM	-	cbpA-cbpM	-
cbpA-cbpM	-	cbpAM	-
ymfJ1	-	ymfJ2	-
ymfJ1	-	ymfJ3	-
ymfJ1	-	ymfJ4	-
ymfJ1	-	ymfI1	+
ymfJ2	-	ymfJ3	-
ymfJ2	-	ymfJ4	-
ymfJ2	-	ymfI1	+
ymfJ3	-	ymfJ4	-
ymfJ3	-	ymfI1	+
ymfJ4	-	ymfI1	+
feaB	+	feaB	+
tesB	-	glnK-amtB	+
topA	+	topA	+
topA	+	topA	+
topA	+	topA	+
topA	+	topA	+
topA	+	topA	+
tyrS-pdxY	-	tyrS-pdxY	-
tyrS-pdxY	-	pdxY	-
tyrS-pdxY	-	pdxH-tyrS-pdxY	-
xseA	+	yfgJ	-
aroM	+	yaiA-aroM	+
aroM	+	aroL-yaiA-aroM	+
leuLABCD	-	leuL	-
leuLABCD	-	leuLABCD	-
gapA	+	gapA	+
gapA	+	gapA	+
gapA	+	gapA-yeaD	+
gapA	+	gapA	+
rsmB1	+	def-fmt	+
caiCDE	-	caiTABCDE	-
rsuA1	-	rsuA2	-
idi1	+	idi2	+
idi1	+	idi3	+
idi1	+	idi4	+
idi2	+	idi3	+
idi2	+	idi4	+
idi3	+	idi4	+
chaC	+	chaBC	+
argE	-	argE	-
argE	-	argCBH	+
gapA	+	gapA	+
gapA	+	gapA-yeaD	+
gapA	+	gapA	+
amiC1	-	amiC2	-
amiC2	-	argA	+
yfiM1	+	pssA	+
yfiM1	+	kgtP1	-
yfiM1	+	kgtP2	-
yfiM1	+	kgtP3	-
mglBAC	-	mglAC	-
yhaJ1	-	yhaJ2	-
mdh	-	mdh	-
yobA-yebZY	-	sdsR-pphA	-
trkG1	+	trkG2	+
trkG1	+	trkG3	+
trkG1	+	ynaK-ydaY2	+
trkG2	+	trkG3	+
trkG2	+	ynaK-ydaY2	+
trkG3	+	ynaK-ydaY2	+
mfd	-	mfd	-
asnU	+	yeeO2	-
asnU	+	cbl	-
yceD-rpmF	+	sraB	+
yceD-rpmF	+	rpmF-plsX-fabHDG	+
yceD-rpmF	+	yceF3	-
yceD-rpmF	+	yceF4	-
yceD-rpmF	+	yceD-rpmF	+
mdtEF	+	mdtEF	+
mdtEF	+	gadEF-mdtEF	+
mdtEF	+	gadE-mdtEF	+
mdtEF	+	mdtEF	+
epd-pgk	-	epd-pgk	-
epd-pgk	-	epd-pgk-fbaA	-
epd-pgk	-	pgk-fbaA	-
epd-pgk	-	pgk-fbaA	-
epd-pgk	-	pgk	-
epd-pgk	-	pgk	-
epd-pgk	-	pgk	-
epd-pgk	-	pgk-fbaA	-
rpoBC	+	rplKAJL-rpoBC	+
rpoBC	+	rplJL-rpoBC	+
fepDGC	-	fes-ybdZ-entF-fepE	+
fepDGC	-	fepDGC	-
ilvY	-	ilvEDA	+
ilvY	-	ilvLXG_1G_2MEDA	+
ilvY	-	ilvLXG_1G_2MEDA	+
ilvY	-	ilvA	+
ilvY	-	ilvY	-
yghT1	+	yghT2	+
yghT1	+	yghT3	+
yghT1	+	yghT4	+
yghT1	+	yghT5	+
yghT1	+	yghT6	+
yghT1	+	yghT7	+
yghT1	+	yghSR	-
yghT2	+	yghT3	+
yghT2	+	yghT4	+
yghT2	+	yghT5	+
yghT2	+	yghT6	+
yghT2	+	yghT7	+
yghT3	+	yghT4	+
yghT3	+	yghT5	+
yghT3	+	yghT6	+
yghT3	+	yghT7	+
yghT4	+	yghT5	+
yghT4	+	yghT6	+
yghT4	+	yghT7	+
yghT5	+	yghT6	+
yghT5	+	yghT7	+
yghT6	+	yghT7	+
talA	+	talA-tktB	+
talA	+	tktB	+
yecH1	-	yecH2	-
yecH1	-	tyrP	+
yecH2	-	tyrP	+
fliDST	+	fliDST	+
fliDST	+	amyA	+
hslJ	-	ydbJ	+
gnsA	+	ymcE-gnsA1	+
yefM-yoeB	-	yeeZ1	-
dcrB1	+	dcrB2	+
dcrB1	+	dcrB3	+
dcrB1	+	dcrB4	+
dcrB2	+	dcrB3	+
dcrB2	+	dcrB4	+
dcrB3	+	dcrB4	+
mtlADR	+	yibT1	-
mtlADR	+	yibT2	-
glmY	-	glmY	-
cbpA-cbpM	-	cbpAM	-
cbpA-cbpM	-	cbpA-cbpM	-
cbpA-cbpM	-	cbpAM	-
cbrA1	+	yidR1	-
cbrA1	+	dgoRKADT	-
ycjMNOPQRSTUV-ymjB-ompG	+	ompG	+
dgkA	+	dgkA	+
dgkA	+	plsB	-
dgkA	+	plsB	-
epd-pgk	-	epd-pgk-fbaA	-
epd-pgk	-	pgk-fbaA	-
epd-pgk	-	pgk-fbaA	-
epd-pgk	-	pgk	-
epd-pgk	-	pgk	-
epd-pgk	-	pgk	-
epd-pgk	-	pgk-fbaA	-
pflB	-	focA-pflB	-
pflB	-	pflB	-
pflB	-	pflB	-
pflB	-	pflB	-
pflB	-	pflB	-
pflB	-	focA-pflB	-
kdsC-lptCAB	+	kdsC-lptCAB	+
kdsC-lptCAB	+	kdsC-lptCAB	+
kdsC-lptCAB	+	lptB-rpoN-hpf-ptsN-yhbJ	+
kdsC-lptCAB	+	lptAB	+
kdsC-lptCAB	+	rpoN-hpf-ptsN-yhbJ-npr	+
kdsC-lptCAB	+	yrbG-kdsDC-lptCAB	+
kdsC-lptCAB	+	yrbG-kdsD	+
ybgA-phr	+	phr	+
cbpAM	-	cbpA-cbpM	-
cbpAM	-	cbpAM	-
gadEF	+	arrS	-
gadEF	+	gadEF-mdtEF	+
gadEF	+	gadE-mdtEF	+
gadEF	+	arrS	-
dnaKJ	+	dnaKJ	+
dnaKJ	+	tpke11	+
dnaKJ	+	dnaKJ	+
ybeD-lipB	-	ybeD-lipB	-
ybeD-lipB	-	ybeD1	-
ybeD-lipB	-	ybeD2	-
ybeD-lipB	-	lipB1	-
ybeD-lipB	-	lipB2	-
pcnB-folk	-	pcnB-folK	-
pcnB-folk	-	pcnB-folK	-
pcnB-folk	-	pcnB-folK	-
pcnB-folk	-	dksA-gluQ	-
pcnB-folk	-	pcnB-folK	-
ompN	-	ydbK-ompN	-
ompN	-	ydbK-ompN	-
kdsC-lptCAB	+	kdsC-lptCAB	+
kdsC-lptCAB	+	lptB-rpoN-hpf-ptsN-yhbJ	+
kdsC-lptCAB	+	lptAB	+
kdsC-lptCAB	+	rpoN-hpf-ptsN-yhbJ-npr	+
kdsC-lptCAB	+	yrbG-kdsDC-lptCAB	+
kdsC-lptCAB	+	yrbG-kdsD	+
thrU-tyrU-glyT-thrT-tufB	+	secE-nusG	+
ompR-envZ	-	ompR-envZ	-
ompR-envZ	-	ompR-envZ	-
ompR-envZ	-	ompR-envZ	-
acnA	+	acnA	+
acnA	+	ymiA-yciX	+
acnA	+	acnA	+
ahpCF	+	ahpF	+
ahpCF	+	ahpCF	+
chiZPQ	+	chiQ	+
ycgR	-	ymgE1	+
ppiA	-	ppiA	-
ppiA	-	ppiA	-
ppiA	-	ppiA	-
elbB-mtgA	-	yrbL	+
hinT-ycfL-lpoB-thiK-nagZ-ycfP1	+	hinT-ycfL-lpoB-thiK-nagZ-ycfP2	+
hinT-ycfL-lpoB-thiK-nagZ-ycfP1	+	hinT-ycfL-lpoB-thiK-nagZ-ycfP3	+
hinT-ycfL-lpoB-thiK-nagZ-ycfP2	+	hinT-ycfL-lpoB-thiK-nagZ-ycfP3	+
rpoH	-	rpoH	-
rpoH	-	rpoH	-
rpoH	-	rpoH	-
rpoH	-	rpoH	-
insMI3	-	insN-2	+
pstSCAB-phoU	-	pstB-phoU	-
pstSCAB-phoU	-	pstS	-
pstSCAB-phoU	-	pstCAB-phoU	-
pstSCAB-phoU	-	pstB-phoU	-
pstSCAB-phoU	-	phoU	-
pstSCAB-phoU	-	pstB-phoU	-
pstSCAB-phoU	-	pstCAB-phoU	-
pstSCAB-phoU	-	pstSCAB-phoU	-
gcvA	-	ygdD1	-
yjbEFGH	+	yjbE	+
yjbEFGH	+	yjbEFGH	+
metH	+	metH	+
metH	+	iclR	-
kefGB-yheV	-	slyD1	-
rpoE-rseABC	-	rseABC	-
rpoE-rseABC	-	rseD-rpoE-rseABC	-
rpoE-rseABC	-	rseD-rpoE-rseABC	-
rpoE-rseABC	-	rseD-rpoE-rseABC	-
rpoE-rseABC	-	rpoE-rseABC	-
rpoE-rseABC	-	rpoE-rseABC	-
rpoE-rseABC	-	rpoE-rseABC	-
pdxI1	+	ydbD	+
mrcA	+	hofMNOP	-
hyaABCDEF	+	hyaABCDEF	+
rpmBG	-	rpmBG-mutM	-
rpmBG	-	mutM1	-
rpmBG	-	yicR-rpmBG	-
rpmBG	-	yicR-rpmBG-mutM	-
istR-1	-	istR-2	-
nlpC1	-	nlpC2	-
nlpC2	-	btuD	-
nlpC2	-	btuCED	-
ilvL	+	ilvLXG_1G_2MEDA	+
ilvL	+	ilvLXG_1G_2MEDA	+
ilvL	+	ilvL	+
umpG-pcm	-	truD	-
lacZYA	-	lacZYA	-
lacZYA	-	lacZYA	-
lacZYA	-	cynTSX	+
lacZYA	-	lacZYA	-
yeaGH	+	yeaGH	+
ompR-envZ	-	ompR-envZ	-
ompR-envZ	-	ompR-envZ	-
ompR-envZ	-	greB2	+
gor	+	gor	+
gor	+	rlmJ	+
rsmG1	-	mnmG-rsmG	-
rsmG1	-	mnmG-rsmG	-
rsmG1	-	asnC-mioC-mnmG	-
rne	-	yceQ1	+
rne	-	rne	-
rne	-	rne	-
rne	-	rne	-
rpoH	-	rpoH	-
rpoH	-	rpoH	-
rpoH	-	rpoH	-
cirA	-	cirA	-
gltX	-	gltX	-
gltX	-	gltX	-
acpP	+	fabG-acpP	+
acpP	+	fabDG-acpP	+
acpP	+	acpP-fabF	+
yfdX	-	yfdV	-
yfdX	-	frc	-
yfdX	-	oxc1	-
yfdX	-	oxc2	-
yfdX	-	yfdE	-
rsxABCDGE-nth	+	ydgK-rsxABCDGE-nth	+
livKHMGF	-	livKHMGF	-
yeaQ1	-	yeaQ2	-
yadV-htrE	-	yadV-htrE	-
yadV-htrE	-	yadV-htrE	-
epd-pgk-fbaA	-	pgk-fbaA	-
epd-pgk-fbaA	-	pgk-fbaA	-
epd-pgk-fbaA	-	pgk	-
epd-pgk-fbaA	-	pgk	-
epd-pgk-fbaA	-	pgk	-
epd-pgk-fbaA	-	pgk-fbaA	-
yjgD	+	rraB	+
ybiX1	-	fiu	-
tesA-ybbO	-	ybbN	-
tesA-ybbO	-	ybbAP	+
dadAX	+	dadAX	+
dadAX	+	dadAX	+
symR	+	symE	-
fabF	+	pabC-mltG-tmk-holB-ycfH3	+
fabF	+	acpP-fabF	+
ppiA	-	ppiA	-
ppiA	-	ppiA	-
tsaE-amiB-mutL-miaA-hfq-hflXKC	+	mutL-miaA-hfq-hflXKC	+
tsaE-amiB-mutL-miaA-hfq-hflXKC	+	yjeFE-amiB-mutL-miaA-hfq-hflXKC	+
tsaE-amiB-mutL-miaA-hfq-hflXKC	+	yjeFE-amiB-mutL-miaA-hfq-hflXKC	+
tsaE-amiB-mutL-miaA-hfq-hflXKC	+	hfq-hflXKC	+
tsaE-amiB-mutL-miaA-hfq-hflXKC	+	mutL-miaA-hfq-hflXKC	+
tsaE-amiB-mutL-miaA-hfq-hflXKC	+	yjeFE-amiB-mutL-miaA-hfq-hflXKC	+
tsaE-amiB-mutL-miaA-hfq-hflXKC	+	hfq-hflXKC	+
tsaE-amiB-mutL-miaA-hfq-hflXKC	+	miaA-hfq-hflXKC	+
tsaE-amiB-mutL-miaA-hfq-hflXKC	+	hfq-hflXKC1	+
tsaE-amiB-mutL-miaA-hfq-hflXKC	+	hfq-hflXKC2	+
tsaE-amiB-mutL-miaA-hfq-hflXKC	+	miaA-hfq-hflXKC	+
ldrC1	-	rdlC1	+
ycgZ-ymgA-ariR-ymgC	+	ycgZ-ymgA-ariR-ymgC	+
ycgZ-ymgA-ariR-ymgC	+	ariR	+
ycgZ-ymgA-ariR-ymgC	+	ymgC	+
uppS-cdsA	+	uppS-cdsA	+
uppS-cdsA	+	dxr-uppS-cdsA1	+
uppS-cdsA	+	dxr-uppS-cdsA2	+
uppS-cdsA	+	dxr-uppS-cdsA3	+
uppS-cdsA	+	dxr-uppS-cdsA4	+
uppS-cdsA	+	rseP	+
uppS-cdsA	+	cdsA1	+
uppS-cdsA	+	cdsA2	+
ygaC	-	ygaM	+
rph-pyrE	-	rph	-
macB1	+	macB2	+
macB1	+	macAB	+
macB2	+	macAB	+
csrA	-	csrAp3 // csrA	-
csrA	-	csrA	-
csrA	-	csrA	-
csrA	-	csrA	-
csrA	-	csrA	-
eno	-	eno	-
eno	-	eno	-
eno	-	eno	-
eno	-	pyrG-eno	-
eno	-	eno	-
eno	-	pyrG-eno	-
eno	-	eno	-
eno	-	eno	-
frdABCD	-	frdABCD	-
dcuD	+	dcuD	+
leuO	+	leuO	+
leuO	+	leuO	+
leuO	+	leuO	+
micA	+	luxS	-
micA	+	luxS	-
insH-51	-	stfR-tfaR	+
insH-51	-	ynaA-lomR	+
pcnB-folK	-	pcnB-folK	-
pcnB-folK	-	pcnB-folK	-
pcnB-folK	-	dksA-gluQ	-
pcnB-folK	-	pcnB-folK	-
recAX	-	recA	-
aspS	-	nudB-yebC-ruvC	-
aspS	-	aspS	-
glk	-	glk	-
glk	-	glk	-
tcyJ	-	fliAZY	-
tcyJ	-	fliAZY	-
thrLABC	+	thrL	+
thrLABC	+	yaaX1	+
malY	+	malXY	+
ymdB	+	clsC	+
ymdB	+	ymdAB-clsC	+
ymdB	+	ymdB-clsC	+
ymdB	+	ymdAB	+
yeaP	+	yoaF1	-
dacB1	+	greA	-
phoA-psiF	+	psiF	+
ygiV1	-	ygiV2	-
ygiV1	-	ygiW1	-
ygiV1	-	ygiW2	-
ygiV2	-	ygiW1	-
ygiV2	-	ygiW2	-
rpmBG-mutM	-	mutM	-
rpmBG-mutM	-	mutM1	-
rpmBG-mutM	-	mutM2	-
rpmBG-mutM	-	yicR-rpmBG	-
rpmBG-mutM	-	yicR-rpmBG-mutM	-
ivy1	+	ivy2	+
bioP	+	metR	-
bioP	+	metR	-
dmsC	+	dmsABC	+
crp	+	crp	+
crp	+	crp	+
ftsQ	+	ftsQAZ	+
ftsQ	+	ftsQAZ	+
ftsQ	+	rsmH-ftsLI-murEF-mraY-murD-ftsW-murGC-ddlB-ftsQAZ-lpxC	+
ftsQ	+	mraZW-ftsLI-murEF-mraY-murD-ftsW-murGC-ddlB-ftsQAZ-lpxC	+
ftsQ	+	ftsLI-murEF-mraY-murD-ftsW-murGC-ddlB-ftsQAZ-lpxC	+
nlpD-rpoS	-	rpoS	-
nlpD-rpoS	-	rpoS	-
nlpD-rpoS	-	rpoS	-
nlpD-rpoS	-	nlpD-rpoS	-
nlpD-rpoS	-	rpoS	-
nlpD-rpoS	-	rpoS	-
tldD1	-	tldD2	-
proVWX	+	proVWX	+
proVWX	+	proVWX	+
proVWX	+	proVWX	+
yadD1	+	yadD2	+
yadD1	+	yadD3	+
yadD2	+	yadD3	+
ruvAB	-	ruvAB	-
ldcA1	-	emtA1	+
sra	-	bdm-sra	-
csrAp3 // csrA	-	csrA	-
csrAp3 // csrA	-	csrA	-
csrAp3 // csrA	-	csrA	-
csrAp3 // csrA	-	csrA	-
proVWX	+	proVWX	+
proVWX	+	proVWX	+
cmr	+	cmr	+
gltA	-	gltA	-
ptsG	+	ptsG	+
nanXY	+	nanY	+
nanXY	+	nanY	+
chiX	+	ybaP1	-
chiX	+	ybaP2	-
chiX	+	ybaP3	-
yhhN1	+	yhhN2	+
yhhN1	+	yhhM2	-
yhhN2	+	yhhM1	-
yhhN2	+	yhhM2	-
ascB	+	ascFB	+
otsA	-	otsBA	-
otsA	-	otsBA	-
yfgM	-	bamB-der	-
yfgM	-	yfgM	-
yfgM	-	yfGM	-
asnC	-	asnC-mioC	-
asnC	-	asnC-mioC-mnmG	-
hemL	-	hemL	-
rpoS	-	rpoS	-
rpoS	-	rpoS	-
rpoS	-	nlpD-rpoS	-
rpoS	-	rpoS	-
rpoS	-	rpoS	-
mdoGH	+	mdoGH	+
mdoGH	+	mdoGH	+
mutY-yggX	+	yggX-mltC-nupG	+
mutY-yggX	+	mutY-yggX-mltC	+
mutY-yggX	+	mutY-yggX	+
mutY-yggX	+	mutY-yggX-mltC	+
mutY-yggX	+	yggX-mltC	+
mutY-yggX	+	yggX	+
mutY-yggX	+	mutY-yggX-mltC-nupG	+
mutY-yggX	+	mutY-yggX-mltC-nupG	+
damX-dam-rpe-gph-trpS	-	dam-rpe-gph-trpS	-
damX-dam-rpe-gph-trpS	-	rpe-gph-trpS	-
damX-dam-rpe-gph-trpS	-	dam-rpe-gph-trpS	-
damX-dam-rpe-gph-trpS	-	trpS	-
damX-dam-rpe-gph-trpS	-	aroKB-damX-dam-rpe-gph-trpS	-
rapA	-	hepA	-
rapA	-	rapA-rluA	-
rapA	-	polB	-
fliLMNOPQR	+	fliLMNOPQR	+
yfaVU	-	yfaXWVU	-
arcA	-	arcA	-
arcA	-	yjjY1	+
arcA	-	arcA	-
arcA	-	arcA	-
arcA	-	creABCD	+
arcA	-	creD	+
arcA	-	arcA	-
yejG	-	yejG	-
pcnB-folK	-	pcnB-folK	-
pcnB-folK	-	pcnB-folK	-
mpl	+	mpl	+
mpl	+	mpl	+
btuD	-	btuE	-
btuD	-	btuE	-
btuD	-	btuCED	-
yeiR-lpxT1	+	lpxT	+
gntT	+	gntT	+
yhdJ1	+	yhdU1	+
yhdJ1	+	dusB-fis	+
leuO	+	leuO	+
leuO	+	leuO	+
ybaN1	+	ybaN2	+
ybaN1	+	ybaN3	+
ybaN1	+	ybaN4	+
ybaN2	+	ybaN3	+
ybaN2	+	ybaN4	+
ybaN3	+	ybaN4	+
ybaN3	+	priC-ybaM	-
aes	-	hemH	+
aes	-	gsk	+
ybaQ	+	ybaP1	-
ybaQ	+	ybaP2	-
ybaQ	+	ybaP3	-
ynfC1	-	ynfD1	+
pepA	-	pepA	-
pepA	-	pepA	-
kdsC-lptCAB	+	lptB-rpoN-hpf-ptsN-yhbJ	+
kdsC-lptCAB	+	lptAB	+
kdsC-lptCAB	+	rpoN-hpf-ptsN-yhbJ-npr	+
kdsC-lptCAB	+	yrbG-kdsDC-lptCAB	+
kdsC-lptCAB	+	yrbG-kdsD	+
yiiM1	+	yiiM2	+
nudG1	+	ynjH	-
nudG1	+	ynjH	-
opgD1	+	opgD2	+
opgD1	+	opgD3	+
opgD1	+	opgD4	+
opgD2	+	opgD3	+
opgD2	+	opgD4	+
opgD3	+	opgD4	+
cybB1	+	cybB2	+
cybB1	+	cybB3	+
cybB2	+	cybB3	+
sdiA	-	sdiA	-
sdiA	-	sdiA1	-
sdiA	-	sdiA2	-
sdiA	-	sdiA3	-
sdiA	-	sdiA4	-
sdiA	-	sdiA5	-
sdiA	-	sdiA6	-
sdiA	-	sdiA7	-
sdiA	-	sdiA	-
sdiA	-	sdiA	-
sdiA	-	sdiA	-
sdiA	-	sdiA	-
sdiA	-	sdsN	+
rtcR	+	glpEGR	-
rtcR	+	glpR	-
rtcR	+	glpGR	-
rtcR	+	glpR	-
yfbO1	+	yfbO2	+
yfbO1	+	yfbO3	+
yfbO1	+	yfbN1	-
yfbO1	+	yfbP1	+
yfbO2	+	yfbO3	+
yfbO2	+	yfbN1	-
yfbO2	+	yfbN2	-
yfbO2	+	yfbP1	+
yfbO3	+	yfbN1	-
yfbO3	+	yfbN2	-
yfbO3	+	yfbP1	+
yqeF1	-	yqeF2	-
yqeF1	-	yqeF3	-
yqeF2	-	yqeF3	-
yqeF2	-	yqeG1	+
yqeF2	-	yqeG3	+
rimP-nusA-infB	-	metY-yhbC-nusA-infB	-
rimP-nusA-infB	-	metY-yhbC-nusA-infB-rbfA-truB-rpsO-pnp	-
rimP-nusA-infB	-	nusA-infB	-
rimP-nusA-infB	-	metY	-
rimP-nusA-infB	-	metY	-
moaBCDE	+	moaABCDE	+
moaBCDE	+	moaABCDE	+
yfiR-dgcN-yfiB	+	rpsP-rimM-trmD-rplS	-
yfiR-dgcN-yfiB	+	yfiRN	+
acnA	+	acnA	+
pdhR-aceEF-lpdA	+	aceEF	+
pdhR-aceEF-lpdA	+	pdhR-aceEF-lpdA	+
pdhR-aceEF-lpdA	+	lpdA	+
pdhR-aceEF-lpdA	+	aceEF	+
nrdG	-	nrdDG	-
nhaAR	+	nhaAR	+
leuL	-	leuLABCD	-
glmUS	-	glmUS	-
rhtC1	+	recQ	+
mnmG-rsmG	-	mnmG-rsmG	-
mnmG-rsmG	-	asnC-mioC-mnmG	-
fucR	+	fucPIKUR	+
alsRBACE	-	alsRBACE	-
alsRBACE	-	alsK1	-
alsRBACE	-	alsBACE	-
ilvEDA	+	ilvLXG_1G_2MEDA	+
ilvEDA	+	ilvLXG_1G_2MEDA	+
ilvEDA	+	ilvA	+
ilvEDA	+	ilvY	-
hisLGDCBHAFI	+	hisL	+
cmk-rpsA	+	rpsA-ihfB	+
yeeO1	-	yeeO2	-
yeeO1	-	yeeO3	-
yeeO2	-	yeeO3	-
ydhYVW	-	ydhYVWXUT	-
yhbY	+	rlmE-ftsH	-
metG	+	metG	+
tig1	+	tig2	+
tig1	+	tig3	+
tig1	+	tig	+
tig1	+	tig	+
tig2	+	tig3	+
tig2	+	tig	+
tig2	+	tig	+
tig3	+	tig	+
tig3	+	tig	+
iap1	+	iap2	+
rrsA-ileT-alaT-rrlA-rrfA	+	rrsA-ileT-alaT-rrlA-rrfA	+
rnc-era-recO-pdxJ-acpS	-	rnc-era	-
rnc-era-recO-pdxJ-acpS	-	pdxJ-acpS	-
tdcBCDEFG	-	tdcABCDEFG	-
ftsQAZ	+	stfZ	-
ftsQAZ	+	ftsQAZ	+
ftsQAZ	+	rsmH-ftsLI-murEF-mraY-murD-ftsW-murGC-ddlB-ftsQAZ-lpxC	+
ftsQAZ	+	ftsZ	+
ftsQAZ	+	mraZW-ftsLI-murEF-mraY-murD-ftsW-murGC-ddlB-ftsQAZ-lpxC	+
ftsQAZ	+	stfZ	-
ftsQAZ	+	stfZ	-
ftsQAZ	+	ftsLI-murEF-mraY-murD-ftsW-murGC-ddlB-ftsQAZ-lpxC	+
relBE-hokD	-	relBE	-
relBE-hokD	-	hokD	-
tig	+	tig	+
sraB	+	yceF1	-
sraB	+	yceF2	-
sraB	+	yceF3	-
sraB	+	yceF4	-
hypABCDE-fhlA	+	hypBCDE-fhlA	+
hypABCDE-fhlA	+	hypBCDE	+
hypABCDE-fhlA	+	hypABCDE	+
purR	+	ydhB1	-
lpp	+	lpp	+
sdiA	-	sdiA1	-
sdiA	-	sdiA2	-
sdiA	-	sdiA3	-
sdiA	-	sdiA4	-
sdiA	-	sdiA5	-
sdiA	-	sdiA6	-
sdiA	-	sdiA7	-
sdiA	-	sdiA	-
sdiA	-	sdiA	-
sdiA	-	sdiA	-
sdiA	-	sdiA	-
sdiA	-	sdsN	+
glgAP	-	glgCAP	-
glgAP	-	glgCAP	-
glgAP	-	glgBXCAP	-
yhhX1	-	yhhX2	-
yhhX1	-	ryhB	-
topA	+	topA	+
topA	+	yciN1	-
topA	+	yciN4	-
topA	+	topA	+
topA	+	topA	+
topA	+	topA	+
yqeC1	-	yqeC2	-
yqeC1	-	mocA1	+
yqeC2	-	mocA1	+
rpoS	-	rpoS	-
rpoS	-	nlpD-rpoS	-
rpoS	-	rpoS	-
rpoS	-	rpoS	-
gcd	-	gcd	-
yjfIJ	+	nsrR-rnr-rlmB-yjfI	+
yceH1	+	yceH2	+
yceH1	+	rimJ	+
yceH2	+	rimJ	+
cobUST	-	cobUST	-
cydAB	+	cydAB	+
cydAB	+	cydAB	+
cydAB	+	cydAB	+
cydAB	+	cydAB	+
deoBD	+	deoCABD	+
deoBD	+	yjjJ2	+
deoBD	+	deoCABD	+
deoBD	+	deoABD	+
ansB	-	ansB	-
dnaB	+	alr	+
dnaB	+	alr	+
dnaB	+	qorA	-
arrS	-	arrS	-
ybgS1	-	ybgS2	-
ybgS1	-	ybgS3	-
ybgS1	-	ybgS4	-
ybgS1	-	ybgS5	-
ybgS2	-	ybgS3	-
ybgS2	-	ybgS4	-
ybgS2	-	ybgS5	-
ybgS3	-	ybgS4	-
ybgS3	-	ybgS5	-
ybgS4	-	ybgS5	-
yhgF1	+	greB1	+
yhgF1	+	greB2	+
fumD1	-	fumD2	-
citT1	-	citT2	-
citT2	-	citCDEFXG	-
citT2	-	citCDEFXG	-
yibN1	-	yibN2	-
yibN1	-	yibN-grxC-secB-gpsA	-
yibN2	-	yibN-grxC-secB-gpsA	-
recF	-	dnaN-recF	-
recF	-	dnaN-recF	-
recF	-	dnaAN-recF	-
recF	-	dnaN-recF	-
recF	-	dnaN-recF	-
recF	-	dnaN-recF	-
recF	-	dnaN-recF	-
recF	-	gyrB	-
recF	-	gyrB	-
recF	-	dnaN-recF	-
recF	-	dnaAN-recF	-
recF	-	recF	-
narUZYWV	-	narU	-
narUZYWV	-	narZYWV	-
narUZYWV	-	narU	-
narUZYWV	-	narWV	-
nagC	-	nagC	-
nagC	-	nagA	-
tapT-patZ	+	patZ	+
tsr	+	tsr	+
hydN-hypF	-	hypF	-
hydN-hypF	-	hypF	-
hydN-hypF	-	hypF	-
tyrS-pdxY	-	pdxY	-
tyrS-pdxY	-	pdxH-tyrS-pdxY	-
yggDC	-	cmtBA-yggPF-fumE-yggC	-
sanA-yeiS1	+	cdd	+
ubiD1	+	ubiD2	+
ubiD1	+	fre	+
ubiD2	+	fre	+
ubiD2	+	rfaH1	-
ubiD2	+	rfaH2	-
gor	+	rlmJ	+
clsC	+	ymdAB-clsC	+
clsC	+	ymdB-clsC	+
clsC	+	ymdAB	+
fliAZY	-	fliAZY	-
dgcQ	-	yedP	+
putP	+	putP	+
putP	+	putP	+
putP	+	putP	+
putP	+	putP	+
tag-yiaC	+	bisC1	-
tag-yiaC	+	bisC2	-
tag-yiaC	+	bisC3	-
tag-yiaC	+	bisC4	-
dnaN-recF	-	dnaN-recF	-
dnaN-recF	-	dnaAN-recF	-
dnaN-recF	-	dnaN-recF	-
dnaN-recF	-	dnaN-recF	-
dnaN-recF	-	dnaN-recF	-
dnaN-recF	-	dnaN-recF	-
dnaN-recF	-	gyrB	-
dnaN-recF	-	gyrB	-
dnaN-recF	-	dnaN-recF	-
dnaN-recF	-	dnaAN-recF	-
dnaN-recF	-	recF	-
argT-hisJQMP	-	hisJQMP	-
arcA	-	yjjY1	+
arcA	-	arcA	-
arcA	-	arcA	-
arcA	-	creABCD	+
arcA	-	creD	+
arcA	-	arcA	-
mutL-miaA-hfq-hflXKC	+	yjeFE-amiB-mutL-miaA-hfq-hflXKC	+
mutL-miaA-hfq-hflXKC	+	yjeFE-amiB-mutL-miaA-hfq-hflXKC	+
mutL-miaA-hfq-hflXKC	+	hfq-hflXKC	+
mutL-miaA-hfq-hflXKC	+	mutL-miaA-hfq-hflXKC	+
mutL-miaA-hfq-hflXKC	+	yjeFE-amiB-mutL-miaA-hfq-hflXKC	+
mutL-miaA-hfq-hflXKC	+	hfq-hflXKC	+
mutL-miaA-hfq-hflXKC	+	miaA-hfq-hflXKC	+
mutL-miaA-hfq-hflXKC	+	hfq-hflXKC1	+
mutL-miaA-hfq-hflXKC	+	hfq-hflXKC2	+
mutL-miaA-hfq-hflXKC	+	miaA-hfq-hflXKC	+
ydcA1	+	ydcA2	+
mdtEF	+	gadEF-mdtEF	+
mdtEF	+	gadE-mdtEF	+
mdtEF	+	mdtEF	+
rnb	-	rnb	-
rpmF-plsX-fabHDG	+	fabG-acpP	+
rpmF-plsX-fabHDG	+	yceD-rpmF	+
rpmF-plsX-fabHDG	+	fabDG-acpP	+
rpmF-plsX-fabHDG	+	plsX-fabHDG	+
rpmF-plsX-fabHDG	+	fabHDG	+
stpA	-	stpA	-
stpA	-	stpA	-
groSL	+	groL	+
groSL	+	groL	+
groSL	+	groL	+
sdiA1	-	sdiA2	-
sdiA1	-	sdiA3	-
sdiA1	-	sdiA4	-
sdiA1	-	sdiA5	-
sdiA1	-	sdiA6	-
sdiA1	-	sdiA7	-
sdiA1	-	sdiA	-
sdiA1	-	sdiA	-
sdiA1	-	sdiA	-
sdiA1	-	sdiA	-
sdiA2	-	sdiA3	-
sdiA2	-	sdiA4	-
sdiA2	-	sdiA5	-
sdiA2	-	sdiA6	-
sdiA2	-	sdiA7	-
sdiA2	-	sdiA	-
sdiA2	-	sdiA	-
sdiA2	-	sdiA	-
sdiA2	-	sdiA	-
sdiA2	-	sdsN	+
sdiA3	-	sdiA4	-
sdiA3	-	sdiA5	-
sdiA3	-	sdiA6	-
sdiA3	-	sdiA7	-
sdiA3	-	sdiA	-
sdiA3	-	sdiA	-
sdiA3	-	sdiA	-
sdiA3	-	sdiA	-
sdiA4	-	sdiA5	-
sdiA4	-	sdiA6	-
sdiA4	-	sdiA7	-
sdiA4	-	sdiA	-
sdiA4	-	sdiA	-
sdiA4	-	sdiA	-
sdiA4	-	sdiA	-
sdiA4	-	sdsN	+
sdiA5	-	sdiA6	-
sdiA5	-	sdiA7	-
sdiA5	-	sdiA	-
sdiA5	-	sdiA	-
sdiA5	-	sdiA	-
sdiA5	-	sdiA	-
sdiA6	-	sdiA7	-
sdiA6	-	sdiA	-
sdiA6	-	sdiA	-
sdiA6	-	sdiA	-
sdiA6	-	sdiA	-
sdiA6	-	sdsN	+
sdiA7	-	sdiA	-
sdiA7	-	sdiA	-
sdiA7	-	sdiA	-
sdiA7	-	sdiA	-
sdiA7	-	sdsN	+
yhdH1	+	yhdH2	+
yhdH2	+	csrD1	-
hsdMS	-	hsdRMS	-
galK	-	galETK	-
galK	-	galETKM	-
galK	-	galETK	-
galK	-	galETKM	-
galK	-	galET	-
galK	-	galET	-
galK	-	galETKM	-
galK	-	galE	-
galK	-	galETK	-
galK	-	galETKM	-
galK	-	galET	-
galK	-	galE	-
greA	-	greA	-
yceF1	-	yceF2	-
yceF1	-	yceF3	-
yceF1	-	yceF4	-
yceF2	-	yceF3	-
yceF2	-	yceF4	-
yceF3	-	yceF4	-
argH	+	argCBH	+
pykF	+	pykF	+
pykF	+	pykF	+
pykF	+	pykF	+
pykF	+	pykF	+
ilvLXG_1G_2MEDA	+	ilvLXG_1G_2MEDA	+
ilvLXG_1G_2MEDA	+	ilvA	+
ilvLXG_1G_2MEDA	+	ilvY	-
ilvLXG_1G_2MEDA	+	ilvL	+
ilvLXG_1G_2MEDA	+	ilvA	+
ilvLXG_1G_2MEDA	+	ilvY	-
ilvLXG_1G_2MEDA	+	ilvL	+
glyU1	-	glyU	-
mreB	-	mreBCD	-
mreB	-	mreCD	-
mreB	-	mreBCD	-
mreB	-	mreB	-
mreB	-	mreBCD	-
mreB	-	mreB	-
argR	+	argR	+
rhoL-rho	+	rhoL	+
iraP	+	iraP	+
lon	+	lon	+
lon	+	clpX-lon	+
gabDTP	+	csiD-ygaF-gabDTP	+
gabDTP	+	gabDTP	+
focA-pflB	-	pflB	-
focA-pflB	-	pflB	-
focA-pflB	-	pflB	-
focA-pflB	-	pflB	-
focA-pflB	-	focA-pflB	-
ymiA-yciX	+	acnA	+
glnAZLG	-	glnLG	-
glnAZLG	-	glnAZLG	-
glnAZLG	-	glnLG	-
glnAZLG	-	glnAZ	-
glgS	-	glgS	-
gpmA	-	gpmA	-
gpmA	-	gpmA	-
yihUTS	-	yihUTS	-
yihUTS	-	yihUTS	-
yihUTS	-	yihUTS	-
yihUTS	-	yihUTS	-
menA-rraA	-	menA-rraA	-
menA-rraA	-	rraA	-
menA-rraA	-	hslVU	-
ydiNB-aroD	+	aroD	+
nudE1	-	nudE2	-
nudE1	-	nudE3	-
nudE1	-	nudE4	-
nudE2	-	nudE3	-
nudE2	-	nudE4	-
nudE3	-	nudE4	-
lsrK	-	lsrRK	-
pmrD1	-	pmrD2	-
pmrD1	-	arnBCADTEF	+
pmrD2	-	arnBCADTEF	+
cysK	+	cysK	+
ydcF1	+	ydcF2	+
fimAICDFGH	+	fimE	+
malPQ	-	malQ	-
galETK	-	galETKM	-
galETK	-	galETK	-
galETK	-	galETKM	-
galETK	-	galET	-
galETK	-	galET	-
galETK	-	galETKM	-
galETK	-	galE	-
galETK	-	galETK	-
galETK	-	galETKM	-
galETK	-	galET	-
galETK	-	galE	-
galETK	-	galE	-
ynfK1	-	ynfK2	-
ynfK1	-	clcB	+
ynfK2	-	clcB	+
ybeU-djlC1	+	ybeU-djlC2	+
yjbQR	+	uvrA	-
leuQPV	-	leuV1	-
yfhG	-	glrR-glnB	-
yfhG	-	yfhA	-
creABC	+	creABCD	+
creABC	+	rob	-
nudB-yebC-ruvC	-	yebC-ruvC	-
nudB-yebC-ruvC	-	ruvC	-
nudB-yebC-ruvC	-	yebB	+
nudB-yebC-ruvC	-	aspS	-
nudB-yebC-ruvC	-	yebB	+
ldrA1	-	rdlA1	+
ycaD1	+	ycaD2	+
acrD	+	acrD	+
acrB	-	acrAB	-
nupG	+	yggX-mltC-nupG	+
nupG	+	mutY-yggX-mltC-nupG	+
nupG	+	mutY-yggX-mltC-nupG	+
cydDC	-	trxB	-
yebC-ruvC	-	ruvC	-
yebC-ruvC	-	yebB	+
yebC-ruvC	-	yebB	+
rlmI1	-	yccX1	+
rlmI1	-	yccX2	+
nrdR-ribDE-nusB-thiL-pgpA	+	yajI1	-
gatYZABCD	-	gatZABCD	-
cydAB	+	cydAB	+
cydAB	+	cydAB	+
cydAB	+	cydAB	+
pdxK	-	yfeKS	+
cspA	+	cspA	+
lysC	-	lysC	-
uof-fur	-	fur	-
uof-fur	-	fldA-uof-fur	-
uof-fur	-	fur	-
narU	-	narU	-
astCADBE	-	astCADBE	-
astCADBE	-	astCADBE	-
proP	+	proP	+
psd-mscM	-	rsgA1	-
yiaB1	-	yiaB2	-
yiaB1	-	yiaB3	-
yiaB2	-	yiaB3	-
mazE1	-	mazE2	-
mazE1	-	mazEFG	-
mazE1	-	mazEFG	-
mazE1	-	relA-mazEF	-
mazE1	-	relA-mazEF	-
mazE1	-	ameF	+
mazE2	-	mazEFG	-
mazE2	-	mazEFG	-
mazE2	-	relA-mazEF	-
mazE2	-	relA-mazEF	-
mazE2	-	ameF	+
galETKM	-	galETK	-
galETKM	-	galETKM	-
galETKM	-	galET	-
galETKM	-	galET	-
galETKM	-	galETKM	-
galETKM	-	galE	-
galETKM	-	galETK	-
galETKM	-	galETKM	-
galETKM	-	galET	-
galETKM	-	galE	-
galETKM	-	galE	-
osmE	-	osmE	-
ryeA	+	sdsR	-
ryeA	+	sdsR-pphA	-
ryeA	+	sdsR-pphA	-
yqfA1	-	yqfA2	-
yqfA2	-	yqfB	-
glrR-glnB	-	glnB	-
glrR-glnB	-	glnB	-
glrR-glnB	-	yfhA	-
glrR-glnB	-	glnB	-
pdxB-usg-truA-dedA	-	usg-truA-dedA	-
efp	+	epmB1	-
dkgB	+	yafC1	-
ykfGH-yafW-ykfI	-	yafY-ykfBF-yafX-ykfGH-yafW-ykfI	-
ykfGH-yafW-ykfI	-	ykfBF-yafX-ykfGH-yafW-ykfI	-
ykfGH-yafW-ykfI	-	ykfBF-yafX-ykfGH-yafW-ykfI	-
zapC	+	ycbX	-
tolC-ygiBC	+	tolC-ygiBC	+
tolC-ygiBC	+	tolC-ygiBC	+
fimB	+	fimB	+
fimB	+	fimB1	+
fimB	+	fimB2	+
tpke70	-	lpxP	+
yjjY1	+	arcA	-
yjjY1	+	arcA	-
yjjY1	+	arcA	-
fliE	-	fliE	-
fliE	-	intG	+
smrB1	+	smrB2	+
smrB1	+	prmB-aroC-mepA-yfcA-epmC-yfcL	-
rplKAJL-rpoBC	+	rplL	+
rplKAJL-rpoBC	+	rplJL-rpoBC	+
rplKAJL-rpoBC	+	secE-nusG	+
gcvR	+	bcp	+
gcvR	+	gcvR	+
pnp	-	sraG	+
pnp	-	nlpI1	-
pnp	-	metY-yhbC-nusA-infB-rbfA-truB-rpsO-pnp	-
pnp	-	rpsO-pnp	-
topA	+	topA	+
topA	+	topA	+
topA	+	topA	+
lysA	-	lysR	+
ucpA	-	ucpA	-
yfdRST	+	ypdJ	+
phoQ	-	phoPQ	-
phoQ	-	phoPQ	-
phoQ	-	phoPQ	-
mreBCD	-	mreCD	-
mreBCD	-	mreBCD	-
mreBCD	-	mreB	-
mreBCD	-	mreBCD	-
mreBCD	-	mreB	-
pflB	-	pflB	-
pflB	-	pflB	-
pflB	-	pflB	-
pflB	-	focA-pflB	-
yadV-htrE	-	yadV-htrE	-
rpoH	-	rpoH	-
rpoH	-	rpoH	-
serC	+	serC	+
serC	+	serC-aroA	+
rem1	-	rem2	-
grcA	-	grcA	-
rfaDFCL	+	rfaDFCL	+
rfaDFCL	+	rfaDFCL	+
ddpXABCDF	-	ddpXABCDF	-
ddpXABCDF	-	ddpXABCDF	-
manXYZ-yobD	+	yobD	+
gadW	-	gadXW	-
gadW	-	gadW	-
gntXY	+	bioH	-
gntXY	+	nfuA	+
yiaWV	-	yiaU1	+
yiaWV	-	yiaU2	+
yiaWV	-	yiaU3	+
edd-eda	-	eda	-
edd-eda	-	eda	-
edd-eda	-	eda	-
osmF-yehYXW	-	osmF-yehYXW1	-
yidP	+	yidE1	-
mreCD	-	mreBCD	-
mreCD	-	mreB	-
mreCD	-	mreBCD	-
mreCD	-	mreB	-
gadEF-mdtEF	+	gadE-mdtEF	+
gadEF-mdtEF	+	mdtEF	+
yaiI1	+	yaiI2	+
yaiI1	+	yaiI3	+
yaiI2	+	yaiI3	+
ybeD-lipB	-	ybeD1	-
ybeD-lipB	-	ybeD2	-
ybeD-lipB	-	lipB1	-
ybeD-lipB	-	lipB2	-
smg	-	smf	-
rnd	-	fadD-sroD	-
ychF	-	pth-ychF	-
frr	+	dxr-uppS-cdsA1	+
frr	+	dxr-uppS-cdsA2	+
frr	+	dxr-uppS-cdsA3	+
frr	+	dxr-uppS-cdsA4	+
htrG-cca	+	ygiM	+
yihUTS	-	yihUTS	-
yihUTS	-	yihUTS	-
yihUTS	-	yihUTS	-
ompL1	-	yihPO	-
hcp-hcr	-	hcp-hcr	-
hcp-hcr	-	lysO	-
hcp-hcr	-	hcp-hcr-poxB	-
bamB-der	-	yfgM	-
bamB-der	-	yfGM	-
flhDC	-	motRAB-cheAW	-
flhDC	-	insA5B5AB5	-
hypBCDE-fhlA	+	hypBCDE	+
hypBCDE-fhlA	+	hypABCDE	+
yaaJ1	-	yaaA1	-
yaaJ1	-	yaaA2	-
btuE	-	btuE	-
btuE	-	btuCED	-
bglGFB	-	bglG	-
stpA	-	stpA	-
rclABC	-	rclBC	-
potFGHI	+	ybjO-rlmC2	+
potFGHI	+	potFGHI	+
speAB	-	yqgB1	-
speAB	-	yqgB2	-
speAB	-	speB	-
radA-nadR	+	serB-radA	+
nanCMS	-	nanCM	-
nanCMS	-	nanS1	-
yfiL1	+	yfiL2	+
yfiL1	+	yfiL3	+
yfiL2	+	yfiL3	+
pfkB	+	pfkB	+
fumB	-	dcuB-fumB	-
fumB	-	dcuB-fumB	-
ompC	-	ompC	-
ompC	-	ompC	-
zitB1	-	zitB2	-
zitB1	-	nadAp // pnuC // nadA	+
zitB2	-	nadAp // pnuC // nadA	+
hemF	+	hemF	+
hemF	+	hemF	+
hemF	+	amiA-hemF	+
yafY-ykfBF-yafX-ykfGH-yafW-ykfI	-	ykfBF-yafX-ykfGH-yafW-ykfI	-
yafY-ykfBF-yafX-ykfGH-yafW-ykfI	-	ykfBF-yafX-ykfGH-yafW-ykfI	-
surA-pdxA-rsmA-apaGH	-	pdxA-rsmA	-
surA-pdxA-rsmA-apaGH	-	apaGH	-
surA-pdxA-rsmA-apaGH	-	imp-surA-pdxA	-
surA-pdxA-rsmA-apaGH	-	pdxA-rsmA-apaGH	-
surA-pdxA-rsmA-apaGH	-	rsmA-apaGH	-
rpsT	-	rpsT	-
yjeFE-amiB-mutL-miaA-hfq-hflXKC	+	yjeFE-amiB-mutL-miaA-hfq-hflXKC	+
yjeFE-amiB-mutL-miaA-hfq-hflXKC	+	hfq-hflXKC	+
yjeFE-amiB-mutL-miaA-hfq-hflXKC	+	mutL-miaA-hfq-hflXKC	+
yjeFE-amiB-mutL-miaA-hfq-hflXKC	+	yjeFE-amiB-mutL-miaA-hfq-hflXKC	+
yjeFE-amiB-mutL-miaA-hfq-hflXKC	+	queG	-
yjeFE-amiB-mutL-miaA-hfq-hflXKC	+	hfq-hflXKC	+
yjeFE-amiB-mutL-miaA-hfq-hflXKC	+	miaA-hfq-hflXKC	+
yjeFE-amiB-mutL-miaA-hfq-hflXKC	+	hfq-hflXKC1	+
yjeFE-amiB-mutL-miaA-hfq-hflXKC	+	hfq-hflXKC2	+
yjeFE-amiB-mutL-miaA-hfq-hflXKC	+	miaA-hfq-hflXKC	+
mngB	+	mngB	+
mngB	+	mngAB	+
mngB	+	mngAB	+
ygiW1	-	ygiW2	-
ygiW1	-	qseBC	+
ygiW1	-	qseBC	+
ybeQ1	-	ybeQ2	-
ybeQ1	-	ybeQ3	-
ybeQ1	-	ybeQ4	-
ybeQ1	-	ybeQ5	-
ybeQ1	-	ybeQ6	-
ybeQ1	-	ybeR-djlB2	+
ybeQ2	-	ybeQ3	-
ybeQ2	-	ybeQ4	-
ybeQ2	-	ybeQ5	-
ybeQ2	-	ybeQ6	-
ybeQ2	-	ybeR-djlB1	+
ybeQ2	-	ybeR-djlB2	+
ybeQ2	-	ybeR-djlB3	+
ybeQ3	-	ybeQ4	-
ybeQ3	-	ybeQ5	-
ybeQ3	-	ybeQ6	-
ybeQ3	-	ybeR-djlB2	+
ybeQ3	-	ybeR-djlB3	+
ybeQ4	-	ybeQ5	-
ybeQ4	-	ybeQ6	-
ybeQ4	-	ybeR-djlB2	+
ybeQ4	-	ybeR-djlB3	+
ybeQ5	-	ybeQ6	-
ybeQ5	-	ybeR-djlB1	+
ybeQ5	-	ybeR-djlB2	+
ybeQ5	-	ybeR-djlB3	+
ybeQ6	-	ybeR-djlB1	+
ybeQ6	-	ybeR-djlB2	+
ybeQ6	-	ybeR-djlB3	+
rlmM	-	ygdD1	-
appCBA-yccB	+	appCBA-yccB	+
appCBA-yccB	+	appA	+
rfaQGPSBIJYZ-waaU	-	rfaYZ	-
rfaQGPSBIJYZ-waaU	-	rirA-rfaQGPSBIJYZ-waaU	-
ydhYVWXUT	-	ydhXUT	-
insK	+	insJ1	+
endA	+	endA	+
lapAB	+	lapAB	+
lapAB	+	yciSM-pyrF-yciH	+
lapAB	+	lapAB	+
lapAB	+	yciSM-pyrF-yciH	+
murQP	+	murQP	+
murQP	+	murQP	+
murQP	+	murQP-yfeW	+
murQP	+	murR	-
murQP	+	murR	-
ydbK-ompN	-	micC	+
ydbK-ompN	-	ydbK	-
ydbK-ompN	-	ydbK-ompN	-
pykA	+	pykA	+
pykA	+	pykA	+
yagN1	-	yagN2	-
yagN1	-	yagN3	-
yagN1	-	yagN4	-
yagN2	-	yagN3	-
yagN2	-	yagN4	-
yagN3	-	yagN4	-
hslO1	+	hslO2	+
hslO1	+	yrfG-hslR	+
hslO1	+	hslR-hslO	+
hslO2	+	yrfG-hslR	+
hslO2	+	hslR-hslO	+
ybcK1	+	ybcK2	+
ybcK1	+	ybcK3	+
ybcK2	+	ybcK3	+
mpaA1	-	mpaA2	-
mpaA1	-	mpaA3	-
mpaA1	-	ycjY-ymjDC-mpaA	-
mpaA1	-	ymjC-mpaA	-
mpaA1	-	ycjG	+
mpaA2	-	mpaA3	-
mpaA2	-	ycjY-ymjDC-mpaA	-
mpaA2	-	ymjC-mpaA	-
mpaA2	-	ycjG	+
mpaA3	-	ycjY-ymjDC-mpaA	-
mpaA3	-	ymjC-mpaA	-
mpaA3	-	ycjG	+
yheSTU	+	prkB	+
mppA1	+	mppA2	+
mppA1	+	mppA3	+
mppA1	+	mppA4	+
mppA2	+	mppA3	+
mppA2	+	mppA4	+
mppA3	+	mppA4	+
yfaX-rhmD	-	yfaXWVU	-
paaJ	+	paaJ	+
paaJ	+	paaJ	+
paaJ	+	paaABCDEFGHIJK	+
eno	-	eno	-
eno	-	eno	-
eno	-	pyrG-eno	-
eno	-	eno	-
eno	-	pyrG-eno	-
eno	-	eno	-
eno	-	eno	-
cyaR	+	cyaR	+
tufA	-	fusA-tufA	-
tufA	-	tufA	-
dcuB-fumB	-	dcuB-fumB	-
pfkA	+	pfkA	+
pfkA	+	pfkA	+
pfkA	+	pfkA	+
rpsP-rimM-trmD-rplS	-	ffh	-
selD-topB	-	selD-topB	-
selD-topB	-	ydjA-selD-topB	-
trxA	+	trxA	+
trxA	+	trxA	+
yraH1	+	yraH2	+
yraH1	+	yraH3	+
yraH1	+	yraH4	+
yraH1	+	yraH5	+
yraH1	+	yraH6	+
yraH1	+	yraH7	+
yraH1	+	yraH8	+
yraH1	+	yraH9	+
yraH2	+	yraH3	+
yraH2	+	yraH4	+
yraH2	+	yraH5	+
yraH2	+	yraH6	+
yraH2	+	yraH7	+
yraH2	+	yraH8	+
yraH2	+	yraH9	+
yraH3	+	yraH4	+
yraH3	+	yraH5	+
yraH3	+	yraH6	+
yraH3	+	yraH7	+
yraH3	+	yraH8	+
yraH3	+	yraH9	+
yraH4	+	yraH5	+
yraH4	+	yraH6	+
yraH4	+	yraH7	+
yraH4	+	yraH8	+
yraH4	+	yraH9	+
yraH5	+	yraH6	+
yraH5	+	yraH7	+
yraH5	+	yraH8	+
yraH5	+	yraH9	+
yraH6	+	yraH7	+
yraH6	+	yraH8	+
yraH6	+	yraH9	+
yraH7	+	yraH8	+
yraH7	+	yraH9	+
yraH8	+	yraH9	+
yaiA-aroM	+	aroL-yaiA-aroM	+
actP	-	acs-yjcHG	-
actP	-	acs-yjcHG	-
actP	-	yjcH-actP	-
actP	-	acs-yjcHG	-
rplT	-	rpmI-rplT	-
rplT	-	rplT-pheM	-
rplT	-	infC-rpmI-rplT	-
yggX-mltC-nupG	+	mutY-yggX-mltC	+
yggX-mltC-nupG	+	mutY-yggX	+
yggX-mltC-nupG	+	mutY-yggX-mltC	+
yggX-mltC-nupG	+	yggX-mltC	+
yggX-mltC-nupG	+	yggX	+
yggX-mltC-nupG	+	mutY-yggX-mltC-nupG	+
yggX-mltC-nupG	+	mutY-yggX-mltC-nupG	+
csgDEFG	-	csgDEFG	-
csgDEFG	-	csgDEFG	-
lysR	+	ygeA1	-
pflB	-	pflB	-
pflB	-	pflB	-
pflB	-	focA-pflB	-
bhsA	+	bhsA	+
ispG-sroE1	-	ispG-sroE2	-
ispG-sroE1	-	ispG-sroE3	-
ispG-sroE2	-	ispG-sroE3	-
fabI	-	fabI	-
ssrS-ygfA	+	ssrS-ygfA	+
ssrS-ygfA	+	ssrS	+
ssrS-ygfA	+	ssrS	+
ssrS-ygfA	+	ssrS-ygfA	+
ssrS-ygfA	+	ssrS	+
glpEGR	-	glpR	-
glpEGR	-	glpGR	-
glpEGR	-	glpR	-
envY-ompT	-	ompT	-
isrC-flu	+	flu	+
isrC-flu	+	flu	+
isrC-flu	+	isrC	+
yggI1	+	yggI2	+
yggI1	+	yggI3	+
yggI1	+	yggI4	+
yggI2	+	yggI3	+
yggI2	+	yggI4	+
yggI2	+	galP	+
yggI3	+	yggI4	+
yggI4	+	galP	+
dinB-yafNOP	+	dinB-yafNOP	+
ygcW1	-	ygcW2	-
ygcW1	-	ygcU1	-
ygcW2	-	ygcU1	-
yegW	-	yegTUV	+
eda	-	eda	-
eda	-	eda	-
dnaN-recF	-	dnaAN-recF	-
dnaN-recF	-	dnaN-recF	-
dnaN-recF	-	dnaN-recF	-
dnaN-recF	-	dnaN-recF	-
dnaN-recF	-	dnaN-recF	-
dnaN-recF	-	gyrB	-
dnaN-recF	-	gyrB	-
dnaN-recF	-	dnaN-recF	-
dnaN-recF	-	dnaAN-recF	-
dnaN-recF	-	recF	-
fliE	-	intG	+
fre	+	fre	+
putP	+	putP	+
putP	+	putP	+
putP	+	putP	+
insA-71	+	insA-72	+
ribC1	-	mdtK1	+
ribC1	-	mdtK2	+
ribC1	-	mdtK3	+
recG	+	rpoZ-spoT-trmH-recG	+
crp	+	crp	+
kdpFABC	-	kdpDE	-
yiaU1	+	yiaU2	+
yiaU1	+	yiaU3	+
yiaU2	+	yiaU3	+
yiaU3	+	yiaT1	-
yiaU3	+	yiaT2	-
yiaU3	+	yiaT4	-
gspAB	-	gspAB	-
gspAB	-	gspAB	-
gspAB	-	gspAB	-
gspAB	-	gspCDEFGHIJKLMO	+
rpmE	+	rpmE	+
lysU	-	lysU	-
glpR	-	glpGR	-
glpR	-	glpR	-
mdoGH	+	mdoGH	+
yjgA1	-	yjgA2	-
yjgA1	-	yjgA3	-
yjgA1	-	yjgA4	-
yjgA1	-	tldE	+
yjgA2	-	yjgA3	-
yjgA2	-	yjgA4	-
yjgA2	-	tldE	+
yjgA3	-	yjgA4	-
yjgA3	-	tldE	+
yjgA4	-	tldE	+
srkA-dsbA	+	dsbA	+
accBC	+	accBC	+
clpPX	+	clpPX	+
clpPX	+	clpPX	+
clpPX	+	clpX-lon	+
yqjF1	+	yqjF2	+
yqjF1	+	yqjF3	+
yqjF2	+	yqjF3	+
pstB-phoU	-	pstCAB-phoU	-
pstB-phoU	-	pstB-phoU	-
pstB-phoU	-	phoU	-
pstB-phoU	-	pstB-phoU	-
pstB-phoU	-	pstCAB-phoU	-
pstB-phoU	-	pstSCAB-phoU	-
yajD1	+	yajD2	+
yajD1	+	yajC-secDF	+
sdiA	-	sdiA	-
sdiA	-	sdiA	-
sdiA	-	sdiA	-
casABCDE12	-	casDE-ygbTF	-
casABCDE12	-	ygbF	-
gadE-mdtEF	+	mdtEF	+
rrlE-rrfE	+	rrsE-gltV-rrlE-rrfE	+
rrlE-rrfE	+	yjaA2	+
rrlE-rrfE	+	rrsE-gltV-rrlE-rrfE	+
yigI	-	rarD1	-
yigI	-	rarD3	-
yigI	-	rarD4	-
yigI	-	rarD5	-
xerD-dsbC-recJ	-	dsbC	-
xerD-dsbC-recJ	-	xerD-dsbC-recJ	-
xerD-dsbC-recJ	-	fldB	+
xerD-dsbC-recJ	-	xerD1	-
xerD-dsbC-recJ	-	xerD2	-
dolP	+	diaA	+
dolP	+	dolP	+
racC1	-	racC2	-
tfaS	+	yfdONMLK	-
mreBCD	-	mreB	-
mreBCD	-	mreBCD	-
mreBCD	-	mreB	-
queA	+	tgt-yajC	+
aceEF	+	pdhR-aceEF-lpdA	+
aceEF	+	aceEF	+
yfiC1	-	nadB	+
dnaTC	-	dnaTC-yjjA	-
dnaTC	-	yjjB-dnaTC	-
dnaTC	-	yjjB-dnaTC-yjjA	-
treR	-	treR	-
treR	-	treR	-
treR	-	mgtA	+
dnaAN-recF	-	dnaN-recF	-
dnaAN-recF	-	dnaN-recF	-
dnaAN-recF	-	dnaN-recF	-
dnaAN-recF	-	dnaN-recF	-
dnaAN-recF	-	gyrB	-
dnaAN-recF	-	gyrB	-
dnaAN-recF	-	dnaN-recF	-
dnaAN-recF	-	dnaAN-recF	-
dnaAN-recF	-	recF	-
hicAB	+	hicAB	+
rnt-lhr	+	lhr	+
rnlB	+	rnlAB	+
rnlB	+	rnlB	+
rnlB	+	rnlA	+
yccX1	+	yccX2	+
yccX1	+	yccX3	+
yccX1	+	tusE	-
yccX2	+	yccX3	+
yccX2	+	tusE	-
yccX3	+	tusE	-
yhhZ-yrhA-insA6AB6B61	+	yhhZ-yrhA-insA6AB6B62	+
rfaYZ	-	rirA-rfaQGPSBIJYZ-waaU	-
ahpF	+	ahpCF	+
yeaO1	+	yeaO2	+
yeaO1	+	nimT	+
yeaO2	+	nimT	+
dnaN-recF	-	dnaN-recF	-
dnaN-recF	-	dnaN-recF	-
dnaN-recF	-	dnaN-recF	-
dnaN-recF	-	gyrB	-
dnaN-recF	-	gyrB	-
dnaN-recF	-	dnaN-recF	-
dnaN-recF	-	dnaAN-recF	-
dnaN-recF	-	recF	-
rhaT	-	rhaSR	+
rhaT	-	rhaSR	+
entCEBA-ybdB	+	entH	+
glpGR	-	glpR	-
glnB	-	glnB	-
glnB	-	yfhA	-
glnB	-	glnB	-
clpPX	+	clpPX	+
clpPX	+	clpX-lon	+
yrfG-hslR	+	hslR-hslO	+
stfZ	-	ftsQAZ	+
stfZ	-	rsmH-ftsLI-murEF-mraY-murD-ftsW-murGC-ddlB-ftsQAZ-lpxC	+
stfZ	-	ftsZ	+
stfZ	-	mraZW-ftsLI-murEF-mraY-murD-ftsW-murGC-ddlB-ftsQAZ-lpxC	+
stfZ	-	stfZ	-
stfZ	-	stfZ	-
stfZ	-	ftsLI-murEF-mraY-murD-ftsW-murGC-ddlB-ftsQAZ-lpxC	+
bolA	+	bolA	+
bolA	+	bolA	+
fes-ybdZ-entF-fepE	+	fepDGC	-
fusA-tufA	-	tufA	-
mutY-yggX-mltC	+	mutY-yggX	+
mutY-yggX-mltC	+	mutY-yggX-mltC	+
mutY-yggX-mltC	+	yggX-mltC	+
mutY-yggX-mltC	+	yggX	+
mutY-yggX-mltC	+	mutY-yggX-mltC-nupG	+
mutY-yggX-mltC	+	mutY-yggX-mltC-nupG	+
infA-serW1	-	infA-serW2	-
infA-serW1	-	serW	-
infA-serW1	-	infA	-
infA-serW1	-	serW	-
infA-serW1	-	infA	-
infA-serW2	-	serW	-
infA-serW2	-	infA	-
infA-serW2	-	serW	-
infA-serW2	-	infA	-
cspI	-	cspI	-
ydcSTUV-patD	+	patD1	+
ydcSTUV-patD	+	patD2	+
lptB-rpoN-hpf-ptsN-yhbJ	+	lptAB	+
lptB-rpoN-hpf-ptsN-yhbJ	+	rpoN-hpf-ptsN-yhbJ-npr	+
lptB-rpoN-hpf-ptsN-yhbJ	+	yrbG-kdsDC-lptCAB	+
sdiA	-	sdiA	-
sdiA	-	sdiA	-
yeaD	+	gapA-yeaD	+
osmY	+	osmY	+
ydgC1	-	ydgI-folM	+
yfbN1	-	yfbN2	-
adeQ	-	yicN1	-
pepA	-	pepA	-
rsd	-	rsd	-
rsd	-	nudC-hemE-nfi1	+
rsd	-	nudC-hemE-nfi2	+
ssrS-ygfA	+	ssrS	+
ssrS-ygfA	+	zapA1	+
ssrS-ygfA	+	ssrS	+
ssrS-ygfA	+	ssrS-ygfA	+
ssrS-ygfA	+	ssrS	+
oxyR	+	sthA	-
oxyR	+	oxyR	+
tauABCD	+	tauABC	+
uhpABC	-	ivbL-ilvBN-uhpABC1	-
uhpABC	-	uhpB	-
yggN	-	yggN	-
yggN	-	yggN	-
astCADBE	-	astCADBE	-
hyuA1	+	hyuA2	+
hyuA1	+	ygeY	+
hyuA2	+	ygeY	+
flgAMN	-	flgMN	-
ftsQAZ	+	rsmH-ftsLI-murEF-mraY-murD-ftsW-murGC-ddlB-ftsQAZ-lpxC	+
ftsQAZ	+	ftsZ	+
ftsQAZ	+	mraZW-ftsLI-murEF-mraY-murD-ftsW-murGC-ddlB-ftsQAZ-lpxC	+
ftsQAZ	+	stfZ	-
ftsQAZ	+	stfZ	-
ftsQAZ	+	ftsLI-murEF-mraY-murD-ftsW-murGC-ddlB-ftsQAZ-lpxC	+
yebW1	+	yebW2	+
yebW2	+	yebV1	+
yebW2	+	yebV2	+
yebW2	+	yebV3	+
yebW2	+	yebV4	+
nemA	+	nemRA-gloA	+
yqgB1	-	yqgB2	-
yqgB2	-	yqgC	+
waaA	+	kdtA-coaD	+
waaA	+	waaA	+
rcsDB	+	rcsB	+
rcsDB	+	rcsB	+
ygbJK	+	ygbI1	-
ygbJK	+	ygbK	+
gadBC	-	gadC1	-
gadBC	-	gadC2	-
gadBC	-	gadC3	-
gadBC	-	gadBC	-
lpxC	+	rsmH-ftsLI-murEF-mraY-murD-ftsW-murGC-ddlB-ftsQAZ-lpxC	+
lpxC	+	mraZW-ftsLI-murEF-mraY-murD-ftsW-murGC-ddlB-ftsQAZ-lpxC	+
lpxC	+	lpxC	+
lpxC	+	ftsLI-murEF-mraY-murD-ftsW-murGC-ddlB-ftsQAZ-lpxC	+
hdeD	+	hdeD	+
ldhA	-	ydbH-ynbE-ydbL1	+
putP	+	putP	+
putP	+	putP	+
pgk-fbaA	-	pgk-fbaA	-
pgk-fbaA	-	pgk	-
pgk-fbaA	-	pgk	-
pgk-fbaA	-	pgk	-
pgk-fbaA	-	pgk-fbaA	-
sibD	-	ibsD	+
sad-glsB-yneG1	-	sad1	-
sad-glsB-yneG1	-	yneJ1	+
sad-glsB-yneG1	-	yneJ2	+
abgR	+	mcaS	-
mutY-yggX	+	mutY-yggX-mltC	+
mutY-yggX	+	yggX-mltC	+
mutY-yggX	+	yggX	+
mutY-yggX	+	mutY-yggX-mltC-nupG	+
mutY-yggX	+	mutY-yggX-mltC-nupG	+
dnaN-recF	-	dnaN-recF	-
dnaN-recF	-	dnaN-recF	-
dnaN-recF	-	gyrB	-
dnaN-recF	-	gyrB	-
dnaN-recF	-	dnaN-recF	-
dnaN-recF	-	dnaAN-recF	-
dnaN-recF	-	recF	-
yrdA	+	yrdD-rimN-aroE-yrdB	-
alr	+	alr	+
putP	+	putP	+
cyaA	+	cyaA	+
yibD	-	yibD1	-
yibD	-	gpmM-envC-yibQ	+
ybdK1	-	ybdJ3	-
ybdK1	-	ybdJ4	-
hcp-hcr	-	hcp-hcr-poxB	-
ssrS	+	zapA1	+
ssrS	+	ssrS	+
ssrS	+	ssrS-ygfA	+
ssrS	+	ssrS	+
ybcW1	+	ybcW2	+
fumC	-	fumC	-
fumC	-	fumA	-
fumC	-	tus1	+
fumC	-	fumAC	-
dhaM	-	dhaKLM	-
groL	+	groL	+
groL	+	groL	+
cbrB1	+	cbrBC	+
yjiS1	+	yjiS2	+
groL	+	groL	+
rsmH-ftsLI-murEF-mraY-murD-ftsW-murGC-ddlB-ftsQAZ-lpxC	+	ftsZ	+
rsmH-ftsLI-murEF-mraY-murD-ftsW-murGC-ddlB-ftsQAZ-lpxC	+	mraZW-ftsLI-murEF-mraY-murD-ftsW-murGC-ddlB-ftsQAZ-lpxC	+
rsmH-ftsLI-murEF-mraY-murD-ftsW-murGC-ddlB-ftsQAZ-lpxC	+	lpxC	+
rsmH-ftsLI-murEF-mraY-murD-ftsW-murGC-ddlB-ftsQAZ-lpxC	+	stfZ	-
rsmH-ftsLI-murEF-mraY-murD-ftsW-murGC-ddlB-ftsQAZ-lpxC	+	stfZ	-
rsmH-ftsLI-murEF-mraY-murD-ftsW-murGC-ddlB-ftsQAZ-lpxC	+	ftsLI-murEF-mraY-murD-ftsW-murGC-ddlB-ftsQAZ-lpxC	+
slyD1	-	slyD2	-
slyD1	-	slyD3	-
slyD2	-	slyD3	-
moaABCDE	+	moaABCDE	+
ytfB	-	ytfA	+
tpiA	-	tpiA	-
tpiA	-	tpiA	-
sdsR	-	sdsR-pphA	-
sdsR	-	sdsR-pphA	-
cysG	+	nirBDC-cysG	+
cysG	+	cysG	+
tolB-pal-ybgF1	+	tolB-pal-ybgF2	+
tolB-pal-ybgF1	+	ybgC-tolQRA1	+
tolB-pal-ybgF1	+	ybgC-tolQRA2	+
tolB-pal-ybgF2	+	ybgC-tolQRA1	+
tolB-pal-ybgF2	+	ybgC-tolQRA2	+
rpoS	-	nlpD-rpoS	-
rpoS	-	rpoS	-
rpoS	-	rpoS	-
mnt-btuF-yadS	-	mnt-btuF-yadS	-
sucABCD-sdhX	+	sdhCDAB-sucABCD-sdhX	+
sucABCD-sdhX	+	sucAB	+
sucABCD-sdhX	+	mngR	-
dsbD-yjdC	-	yjdC	-
dsbD-yjdC	-	cutA	-
rpsI1	-	rplM-rpsI	-
frlR	+	frlABCDR	+
frlR	+	frlR	+
eno	-	eno	-
eno	-	pyrG-eno	-
eno	-	eno	-
eno	-	pyrG-eno	-
eno	-	eno	-
eno	-	eno	-
hdeAB-yhiD	-	yhiD1	-
hdeAB-yhiD	-	yhiD2	-
alsRBACE	-	alsK1	-
alsRBACE	-	alsBACE	-
eda	-	eda	-
sfmCD	+	sfmAC	+
ycjY	-	ycjY-ymjDC-mpaA	-
ycjY	-	pgrR	+
yniA1	+	yniA2	+
yniA1	+	yniA3	+
yniA2	+	yniA3	+
yniA2	+	ydiZ	+
rhtA1	-	yliM-ompX	+
dcuD	+	nanR1	-
dcuD	+	nanR2	-
feaR	-	feaR	-
metG	+	mrp	-
holC-valS	-	holC1	-
holC-valS	-	valS	-
garR	-	garPLRK-rnpB	-
rfaDFCL	+	rfaDFCL	+
ibsC	-	sibC	+
psiE	+	xylE	-
ilvIH	+	ilvIH	+
ilvIH	+	yabR	-
ilvIH	+	ilvIH	+
ilvIH	+	ilvIH	+
ybcN-ninE-ybcO-rusA-ylcG1	+	ybcN-ninE-ybcO-rusA-ylcG2	+
yddH	-	pptA1	+
yddH	-	pptA2	+
suhB	+	yfhR1	+
suhB	+	yfhR2	+
stfR-tfaR	+	ynaA-lomR	+
ygeF	+	yqeK2	-
nlpD-rpoS	-	rpoS	-
nlpD-rpoS	-	rpoS	-
ybeD1	-	ybeD2	-
ybeD1	-	lipB1	-
ybeD1	-	lipB2	-
ybeD2	-	lipB1	-
ybeD2	-	lipB2	-
pykA	+	pykA	+
pykA	+	yebK1	+
ygjQ1	+	ygjQ2	+
ygjQ1	+	ygjQ3	+
ygjQ1	+	ygjQ4	+
ygjQ1	+	ygjP	+
ygjQ2	+	ygjQ3	+
ygjQ2	+	ygjQ4	+
ygjQ2	+	ygjP	+
ygjQ3	+	ygjQ4	+
ygjQ3	+	ygjP	+
sraG	+	rpsO	-
sraG	+	metY-yhbC-nusA-infB-rbfA-truB-rpsO-pnp	-
sraG	+	rpsO-pnp	-
yjaG1	+	nudC-hemE-nfi1	+
yjaG1	+	nudC-hemE-nfi2	+
acs-yjcHG	-	acs-yjcHG	-
acs-yjcHG	-	yjcH-actP	-
acs-yjcHG	-	acs-yjcHG	-
yghO	-	insH-91	+
mlrA	+	mlrA	+
dusA1	+	dusA2	+
hokA1	-	insJ1	+
hypF	-	hypF	-
hypF	-	hypF	-
serW	-	serW	-
dnaN-recF	-	dnaN-recF	-
dnaN-recF	-	gyrB	-
dnaN-recF	-	gyrB	-
dnaN-recF	-	dnaN-recF	-
dnaN-recF	-	dnaAN-recF	-
dnaN-recF	-	recF	-
gadAX	-	gadY	+
gadAX	-	gadXW	-
gadAX	-	gadX	-
gapA	+	gapA-yeaD	+
gapA	+	gapA	+
ubiEJB	+	esrE	+
ygiL1	+	ygiL2	+
pdxA-rsmA	-	apaGH	-
pdxA-rsmA	-	imp-surA-pdxA	-
pdxA-rsmA	-	pdxA-rsmA-apaGH	-
pdxA-rsmA	-	rsmA-apaGH	-
rplU-rpmA	-	rplU-rpmA-yhbE-obgE	-
ubiT-yhbS	-	ubiT-yhbS	-
rsd	-	nudC-hemE-nfi1	+
rsd	-	nudC-hemE-nfi2	+
panD	-	panD	-
ygcS	-	ygcRQ	-
ilvIH	+	ilvIH	+
ilvIH	+	ilvIH	+
ymgF1	+	ymgF2	+
ymgF1	+	ymgF3	+
ymgF1	+	ymgF4	+
ymgF2	+	ymgF3	+
ymgF2	+	ymgF4	+
ymgF3	+	ymgF4	+
ydeE1	+	ydeE2	+
cysJIH	-	cysH	-
nirBDC-cysG	+	cysG	+
rpsMKD-rpoA-rplQ	-	rpsMKD-rpoA-rplQ	-
yiiF1	+	yiiF2	+
serC	+	serC-aroA	+
pabC-mltG-tmk-holB-ycfH1	+	pabC-mltG-tmk-holB-ycfH2	+
pabC-mltG-tmk-holB-ycfH1	+	pabC-mltG-tmk-holB-ycfH3	+
pabC-mltG-tmk-holB-ycfH2	+	pabC-mltG-tmk-holB-ycfH3	+
pabC-mltG-tmk-holB-ycfH3	+	acpP-fabF	+
glnHPQ	-	glnHPQ	-
glnHPQ	-	glnQ	-
rpsU-dnaG-rpoD	+	rpoD	+
rpsU-dnaG-rpoD	+	rpoD	+
rpsU-dnaG-rpoD	+	rpsU-dnaG-rpoD	+
rpsU-dnaG-rpoD	+	rpsU	+
rpsU-dnaG-rpoD	+	rpsU-dnaG-rpoD	+
rpsU-dnaG-rpoD	+	rpoD	+
rpsU-dnaG-rpoD	+	rpoD	+
phoPQ	-	phoPQ	-
phoPQ	-	phoPQ	-
maeA1	-	maeA2	-
maeA1	-	adhP1	-
maeA2	-	adhP1	-
yfbL1	+	yfbL2	+
yfbL1	+	yfbL3	+
yfbL1	+	yfbL4	+
yfbL1	+	yfbL5	+
yfbL1	+	yfbK1	-
yfbL1	+	yfbK2	-
yfbL2	+	yfbL3	+
yfbL2	+	yfbL4	+
yfbL2	+	yfbL5	+
yfbL2	+	yfbK1	-
yfbL3	+	yfbL4	+
yfbL3	+	yfbL5	+
yfbL3	+	yfbK1	-
yfbL4	+	yfbL5	+
yfbL4	+	yfbK1	-
yfbL4	+	yfbK2	-
yfbL5	+	yfbK1	-
yfbL5	+	yfbK2	-
galETK	-	galETKM	-
galETK	-	galET	-
galETK	-	galET	-
galETK	-	galETKM	-
galETK	-	galE	-
galETK	-	galETK	-
galETK	-	galETKM	-
galETK	-	galET	-
galETK	-	galE	-
galETK	-	galE	-
ycgV1	-	ycgV2	-
fimB	+	fimB1	+
fimB	+	fimB2	+
yciN1	-	yciN2	-
yciN1	-	yciN3	-
yciN1	-	yciN4	-
yciN1	-	yciN5	-
yciN1	-	topA	+
yciN2	-	yciN3	-
yciN2	-	yciN4	-
yciN2	-	yciN5	-
yciN3	-	yciN4	-
yciN3	-	yciN5	-
yciN4	-	yciN5	-
yciN4	-	topA	+
yiaT1	-	yiaT2	-
yiaT1	-	yiaT3	-
yiaT1	-	yiaT4	-
yiaT2	-	yiaT3	-
yiaT2	-	yiaT4	-
yiaT3	-	yiaT4	-
ansP	-	ansP	-
ychJ1	-	rssAB	+
ychJ1	-	ychJ-purU	-
ychJ1	-	purU	-
yafJ	+	ldtF	-
phoPQ	-	phoPQ	-
ecnAB	+	ecnB	+
pspG	+	qorA	-
ugpBAECQ	-	yhhA1	+
ugpBAECQ	-	yhhA2	+
ugpBAECQ	-	ugpBAECQ	-
ykfBF-yafX-ykfGH-yafW-ykfI	-	ykfBF-yafX-ykfGH-yafW-ykfI	-
ybcH1	-	nfrBA	-
rpmI-rplT	-	rplT-pheM	-
rpmI-rplT	-	thrS-infC	-
rpmI-rplT	-	infC-rpmI-rplT	-
rpmI-rplT	-	infC	-
pspABCDE	+	pspE	+
cho	+	ves	-
lapAB	+	yciSM-pyrF-yciH	+
lapAB	+	lapAB	+
lapAB	+	yciSM-pyrF-yciH	+
murA	-	ibaG-murA	-
bcp	+	gcvR	+
yqhG	+	yqhH1	+
aceK	+	aceBAK	+
aceK	+	arpA1	-
aceK	+	arpA2	-
aceK	+	arpA3	-
fucU	+	fucPIKUR	+
glcBA	-	glcDEFGBA	-
allB	+	ybbY-glxK	+
allB	+	allB	+
allB	+	gcl-hyi-glxR-ybbVW-allB-ybbY-glxK	+
fieF1	+	fieF2	+
rrsH-ileV-alaV-rrlH-rrfH	+	rrsH-ileV-alaV-rrlH-rrfH	+
rrsH-ileV-alaV-rrlH-rrfH	+	rrlH-rrfH	+
rrsH-ileV-alaV-rrlH-rrfH	+	rrsH-ileV-alaV-rrlH-rrfH	+
ydeM	-	ydeNM	-
sdhCDAB-sucABCD-sdhX	+	sdhCDAB	+
sdhCDAB-sucABCD-sdhX	+	sucAB	+
sdhCDAB-sucABCD-sdhX	+	mngR	-
sdhCDAB-sucABCD-sdhX	+	sdhDAB	+
nagK-cobB1	+	lolCDE	+
yhiS	+	insH-111	-
yhiS	+	insH-112	-
ydhM	+	nemRA-gloA	+
yqjA-mzrA	+	yqjA-mzrA	+
dnaX	+	ybaB-recR	+
pcnB-folK	-	pcnB-folK	-
galETKM	-	galET	-
galETKM	-	galET	-
galETKM	-	galETKM	-
galETKM	-	galE	-
galETKM	-	galETK	-
galETKM	-	galETKM	-
galETKM	-	galET	-
galETKM	-	galE	-
galETKM	-	galE	-
yceJI	-	yceJI	-
ryjA	-	soxR	+
yibD1	-	gpmM-envC-yibQ	+
rsmC1	-	rsmC2	-
rsmC1	-	holD-rimI-yjjG	+
dapA-nlpB	-	bamC	-
lacZYA	-	lacZYA	-
lacZYA	-	cynTSX	+
lacZYA	-	lacZYA	-
yhhM1	-	yhhM2	-
gapA-yeaD	+	gapA	+
dsbGp // dsbG	-	ahpCF	+
ileS-lspA-fkpB-ispH	+	ileS-lspA-fkpB-ispH	+
ileS-lspA-fkpB-ispH	+	lsp-fkpB-ispH	+
ileS-lspA-fkpB-ispH	+	ileS-lspA-fkpB-ispH	+
ileS-lspA-fkpB-ispH	+	ribF-ileS-lspA-fkpB-ispH	+
zapA1	+	ssrS	+
zapA1	+	ssrS-ygfA	+
yhcO1	-	yhcO2	-
pqiABC	+	rlmL-uup	+
pqiABC	+	pqiABC	+
pqiABC	+	pqiABC	+
pqiABC	+	ymbA	+
napFDAGHBC-ccmABCDEFGH	-	ccmABCDEFGH	-
relA	-	rlmD	-
relA	-	relA	-
relA	-	relA-mazEF	-
relA	-	relA-mazEF	-
relA	-	ameF	+
icd	+	icd	+
gadY	+	gadXW	-
gadY	+	gadX	-
norR	-	srlAEBD-gutM-srlR-gutQ	+
bcsBZ	-	bcsABZC	-
malZ	+	acpH	-
yhcF1	+	yhcF2	+
yhcF1	+	yhcF3	+
yhcF1	+	yhcADE	+
yhcF2	+	yhcF3	+
yhcF2	+	yhcADE	+
yhcF3	+	yhcADE	+
sad1	-	yneJ1	+
sad1	-	yneJ2	+
mngAB	+	mngR	-
yhhA1	+	yhhA2	+
yhhA1	+	ugpBAECQ	-
yhhA1	+	ggt	-
yhhA2	+	ugpBAECQ	-
ftsZ	+	mraZW-ftsLI-murEF-mraY-murD-ftsW-murGC-ddlB-ftsQAZ-lpxC	+
ftsZ	+	stfZ	-
ftsZ	+	stfZ	-
ftsZ	+	ftsLI-murEF-mraY-murD-ftsW-murGC-ddlB-ftsQAZ-lpxC	+
csrA	-	csrA	-
csrA	-	csrA	-
csrA	-	csrA	-
can	-	can	-
ribA	-	ribA	-
pykF	+	pykF	+
pykF	+	pykF	+
pykF	+	pykF	+
insH-71	-	insH-72	-
insH-71	-	insH-73	-
insH-72	-	insH-73	-
htpG	+	htpG	+
rrsB-gltT-rrlB-rrfB	+	rrsB-gltT-rrlB-rrfB	+
rrsB-gltT-rrlB-rrfB	+	rrsB-gltT-rrlB-rrfB	+
rrsB-gltT-rrlB-rrfB	+	rrlB-rrfB	+
pabB-nudL1	+	pabB-nudL2	+
pabB-nudL1	+	yoaH1	-
pabB-nudL2	+	yoaH1	-
ykgA	-	eaeH-insE1EF1F1	+
ybdH1	-	ybdH2	-
dsdXA	+	dsdA	+
sohB	+	sohB	+
sohB	+	sohB	+
rhaD	-	rhaBAD	-
artPIQM	-	artPIQM	-
artPIQM	-	artPIQM	-
sroH	-	yjaZ	+
casDE-ygbTF	-	ygbF	-
metY-yhbC-nusA-infB	-	metY-yhbC-nusA-infB-rbfA-truB-rpsO-pnp	-
metY-yhbC-nusA-infB	-	nusA-infB	-
metY-yhbC-nusA-infB	-	metY	-
metY-yhbC-nusA-infB	-	metY	-
lipB1	-	lipB2	-
yfeO1	+	glk	-
yfeO1	+	glk	-
ybjO-rlmC1	+	ybjO-rlmC2	+
ybjO-rlmC2	+	potFGHI	+
yjeFE-amiB-mutL-miaA-hfq-hflXKC	+	hfq-hflXKC	+
yjeFE-amiB-mutL-miaA-hfq-hflXKC	+	mutL-miaA-hfq-hflXKC	+
yjeFE-amiB-mutL-miaA-hfq-hflXKC	+	yjeFE-amiB-mutL-miaA-hfq-hflXKC	+
yjeFE-amiB-mutL-miaA-hfq-hflXKC	+	queG	-
yjeFE-amiB-mutL-miaA-hfq-hflXKC	+	hfq-hflXKC	+
yjeFE-amiB-mutL-miaA-hfq-hflXKC	+	miaA-hfq-hflXKC	+
yjeFE-amiB-mutL-miaA-hfq-hflXKC	+	hfq-hflXKC1	+
yjeFE-amiB-mutL-miaA-hfq-hflXKC	+	hfq-hflXKC2	+
yjeFE-amiB-mutL-miaA-hfq-hflXKC	+	miaA-hfq-hflXKC	+
ygfK-ssnA	+	ssnA	+
sbmC	-	sbmC	-
mlaFEDCB	-	mlaFEDCB	-
mlaFEDCB	-	mlaFEDCB	-
mdtK1	+	mdtK2	+
mdtK1	+	mdtK3	+
mdtK2	+	mdtK3	+
dam-rpe-gph-trpS	-	rpe-gph-trpS	-
dam-rpe-gph-trpS	-	dam-rpe-gph-trpS	-
dam-rpe-gph-trpS	-	trpS	-
dam-rpe-gph-trpS	-	aroKB-damX-dam-rpe-gph-trpS	-
tatABC	+	tatABC	+
pdxY	-	pdxH-tyrS-pdxY	-
dnaTC-yjjA	-	yjjB-dnaTC	-
dnaTC-yjjA	-	yjjB-dnaTC-yjjA	-
accA	+	bamA-hlpA-lpxD-fabZ-lpxAB-rnhB-dnaE	+
accA	+	accA	+
gltF	+	gltBDF	+
gltF	+	gltBDF	+
talA-tktB	+	tktB	+
mraZW-ftsLI-murEF-mraY-murD-ftsW-murGC-ddlB-ftsQAZ-lpxC	+	lpxC	+
mraZW-ftsLI-murEF-mraY-murD-ftsW-murGC-ddlB-ftsQAZ-lpxC	+	stfZ	-
mraZW-ftsLI-murEF-mraY-murD-ftsW-murGC-ddlB-ftsQAZ-lpxC	+	stfZ	-
mraZW-ftsLI-murEF-mraY-murD-ftsW-murGC-ddlB-ftsQAZ-lpxC	+	ftsLI-murEF-mraY-murD-ftsW-murGC-ddlB-ftsQAZ-lpxC	+
insI2	+	ydbA	+
yzfA	-	tamAB-ytfP	+
tyrTV-tpr	-	tyrV-tpr	-
tyrTV-tpr	-	rttR	-
yaiO1	-	yaiO2	-
yaiO1	-	yaiO3	-
yaiO2	-	yaiO3	-
yhhH	+	rhsB1	+
yhhH	+	rhsB2	+
yhhH	+	rhsB3	+
yhhH	+	rhsB4	+
yhhH	+	rhsB5	+
yhhH	+	rhsB6	+
ibaG	-	ibaG-murA	-
gntR	-	gntR	-
gntR	-	gntKU	-
gntR	-	gntRKU	-
insA4AB4B4	+	gfcA	-
mpl	+	mpl	+
mdaB1	+	mdaB2	+
mdaB1	+	mdaB3	+
mdaB1	+	ygiN1	+
mdaB2	+	mdaB3	+
mdaB2	+	ygiN1	+
mdaB3	+	ygiN1	+
setB1	+	setB2	+
setB1	+	yeiW	-
setB2	+	yeiW	-
yrbN-deaD	-	nlpI1	-
yrbN-deaD	-	yrbN-deaD	-
yijO1	-	frwD	+
arcA	-	arcA	-
arcA	-	creABCD	+
arcA	-	creD	+
arcA	-	arcA	-
yajG	-	yajG-ampG	-
yajG	-	ampG1	-
yajG	-	ampG2	-
yajG	-	ampG3	-
ruvC	-	yebB	+
ruvC	-	yebB	+
pgk-fbaA	-	pgk	-
pgk-fbaA	-	pgk	-
pgk-fbaA	-	pgk	-
pgk-fbaA	-	pgk-fbaA	-
dnaN-recF	-	gyrB	-
dnaN-recF	-	gyrB	-
dnaN-recF	-	dnaN-recF	-
dnaN-recF	-	dnaAN-recF	-
dnaN-recF	-	recF	-
rrsE-gltV-rrlE-rrfE	+	yjaA2	+
rrsE-gltV-rrlE-rrfE	+	rrsE-gltV-rrlE-rrfE	+
yacG	-	coaE-zapD-yacG	-
rpoS	-	rpoS	-
yhgE1	-	yhgE2	-
yhgE1	-	yhgE3	-
yhgE2	-	yhgE3	-
ycaM1	+	ycaM2	+
ycaM1	+	ycaM3	+
ycaM1	+	ycaM4	+
ycaM2	+	ycaM3	+
ycaM2	+	ycaM4	+
ycaM3	+	ycaM4	+
aspA	-	aspA-dcuA	-
aspA	-	aspX	-
yoaB1	+	yoaB2	+
gshA	-	luxS	-
ssrS	+	ssrS-ygfA	+
ssrS	+	ssrS	+
basRS	-	eptA	-
yaeF1	-	proS	-
mutH1	+	mutH2	+
selD-topB	-	ydjA-selD-topB	-
hfq-hflXKC	+	mutL-miaA-hfq-hflXKC	+
hfq-hflXKC	+	yjeFE-amiB-mutL-miaA-hfq-hflXKC	+
hfq-hflXKC	+	hfq-hflXKC	+
hfq-hflXKC	+	miaA-hfq-hflXKC	+
hfq-hflXKC	+	hfq-hflXKC1	+
hfq-hflXKC	+	hfq-hflXKC2	+
hfq-hflXKC	+	miaA-hfq-hflXKC	+
xylFGHR	+	xylR	+
rssAB	+	rssB	+
rssAB	+	ychJ-purU	-
dgt	+	dgt	+
slyX1	+	fkpA	-
bepA-yfgD	+	bepA-yfgD	+
yeeZ1	-	yeeZ2	-
ygbLM	+	ygbN1	+
rpe-gph-trpS	-	dam-rpe-gph-trpS	-
rpe-gph-trpS	-	trpS	-
rpe-gph-trpS	-	aroKB-damX-dam-rpe-gph-trpS	-
yjbE	+	yjbEFGH	+
yneJ1	+	yneJ2	+
leuO	+	leuO	+
poxB-ltaE-ybjT1	-	poxB-ltaE-ybjT2	-
poxB-ltaE-ybjT1	-	ltaE-ybjT	-
poxB-ltaE-ybjT1	-	poxB	-
poxB-ltaE-ybjT1	-	poxB	-
poxB-ltaE-ybjT1	-	hcp-hcr-poxB	-
poxB-ltaE-ybjT2	-	ltaE-ybjT	-
poxB-ltaE-ybjT2	-	poxB	-
poxB-ltaE-ybjT2	-	poxB	-
poxB-ltaE-ybjT2	-	hcp-hcr-poxB	-
htgA	+	yaaW1	-
htgA	+	htgA	+
yjjP	-	yjjB-dnaTC	-
yjjP	-	yjjB-dnaTC-yjjA	-
rseABC	-	rseD-rpoE-rseABC	-
rseABC	-	rseD-rpoE-rseABC	-
rseABC	-	rseD-rpoE-rseABC	-
rseABC	-	rpoE-rseABC	-
rseABC	-	rpoE-rseABC	-
rseABC	-	rpoE-rseABC	-
ynjH	-	ynjH	-
yjeJ1	-	yjeJ2	-
dksA-gluQ	-	sfsA-dksA	-
csiD-ygaF-gabDTP	+	gabDTP	+
rdlB1	+	ldrB1	-
ybiU1	-	ybiU2	-
ybiU1	-	ybiU3	-
ybiU2	-	ybiU3	-
ompX	+	yliM-ompX	+
rpoD	+	rpoD	+
rpoD	+	rpsU-dnaG-rpoD	+
rpoD	+	rpsU-dnaG-rpoD	+
rpoD	+	rpoD	+
rpoD	+	rpoD	+
ybiB	+	dinG-ybiB	+
ybeR-djlB1	+	ybeR-djlB2	+
ybeR-djlB1	+	ybeR-djlB3	+
ybeR-djlB2	+	ybeR-djlB3	+
sixA	-	sixA	-
lon	+	clpX-lon	+
pstS	-	pstCAB-phoU	-
pstS	-	pstCAB-phoU	-
pstS	-	pstSCAB-phoU	-
ptsHI-crr	+	ptsHI-crr	+
ptsHI-crr	+	crr	+
ptsHI-crr	+	ptsHI-crr	+
ptsHI-crr	+	ptsHI-crr	+
ptsHI-crr	+	ptsHI-crr	+
yfhR1	+	yfhR2	+
stfE-tfaE	-	ymfTLMNR-beeE-jayE-ymfQ-ycfK-tfaP	+
stfE-tfaE	-	pinE1	+
tehAB	+	ydcK1	-
ybbY-glxK	+	allB	+
ybbY-glxK	+	glxK	+
ybbY-glxK	+	gcl-hyi-glxR-ybbVW-allB-ybbY-glxK	+
rnb	-	yciW	-
rlmD	-	relA	-
rlmD	-	relA-mazEF	-
rlmD	-	relA-mazEF	-
glgCAP	-	glgCAP	-
glgCAP	-	glgBXCAP	-
sfmAC	+	sfmA1	+
sfmAC	+	sfmA2	+
ypfG1	-	ypfG2	-
tolC-ygiBC	+	tolC-ygiBC	+
ogt	-	abgABT-ogt	-
yfdY1	-	yfdY2	-
ilvA	+	ilvY	-
arcA	-	creABCD	+
arcA	-	creD	+
arcA	-	arcA	-
ygcG1	+	ygcG2	+
ygcG1	+	queE1	-
ssb	+	ssb	+
gltBDF	+	gltBDF	+
yeiL1	+	yeiL	+
zraSR	+	purHD	-
pykA	+	yebK1	+
yebA1	-	yebA2	-
yebA1	-	yebA3	-
yebA2	-	yebA3	-
rcsB	+	rcsB	+
dnaKJ	+	tpke11	+
dnaKJ	+	dnaKJ	+
rnlAB	+	rnlB	+
rnlAB	+	yfjM1	-
rnlAB	+	rnlA	+
hemF	+	hemF	+
hemF	+	amiA-hemF	+
ycgZ-ymgA-ariR-ymgC	+	ariR	+
ycgZ-ymgA-ariR-ymgC	+	ymgC	+
ydcC	+	pptA1	+
ydcC	+	pptA2	+
hypF	-	hypF	-
aceBAK	+	arpA1	-
aceBAK	+	arpA2	-
aceBAK	+	arpA3	-
yadE1	+	yadE2	+
yadE2	+	yadI	+
glnLG	-	glnAZLG	-
glnLG	-	glnLG	-
glnLG	-	glnAZ	-
patD1	+	patD2	+
hypBCDE	+	hypABCDE	+
ydcI	-	ydcJ1	+
yiaY1	-	yiaY2	-
yiaY1	-	yiaY3	-
yiaY2	-	yiaY3	-
ydcK1	-	rimL	+
iraM	-	iraM	-
mutY-yggX-mltC	+	yggX-mltC	+
mutY-yggX-mltC	+	yggX	+
mutY-yggX-mltC	+	mutY-yggX-mltC-nupG	+
mutY-yggX-mltC	+	mutY-yggX-mltC-nupG	+
ybjX	-	ybjD	+
bcsABZC	-	bcsQ	-
yibT1	-	yibT2	-
metK	+	yqgD	-
metK	+	metK	+
lgt-thyA	-	thyA	-
mazEFG	-	mazEFG	-
mazEFG	-	relA-mazEF	-
mazEFG	-	relA-mazEF	-
mazEFG	-	ameF	+
rpsO	-	metY-yhbC-nusA-infB-rbfA-truB-rpsO-pnp	-
rpsO	-	rpsO-pnp	-
gadC1	-	gadC2	-
gadC1	-	gadC3	-
gadC1	-	gadBC	-
gadC2	-	gadC3	-
gadC2	-	gadBC	-
gadC3	-	gadBC	-
osmB	-	osmB	-
pstCAB-phoU	-	pstB-phoU	-
pstCAB-phoU	-	phoU	-
pstCAB-phoU	-	pstB-phoU	-
pstCAB-phoU	-	pstCAB-phoU	-
pstCAB-phoU	-	pstSCAB-phoU	-
gspCDEFGHIJKLMO	+	gspCDEFGHIJKLMO	+
gspCDEFGHIJKLMO	+	gspAB	-
gspCDEFGHIJKLMO	+	gspCDEFGHIJKLMO	+
yjcE1	+	yjcE2	+
yqeG1	+	yqeG2	+
yqeG1	+	yqeG3	+
yqeG2	+	yqeG3	+
gloB1	-	yafS1	+
fimB1	+	fimB2	+
ralA	+	recET-ralR-rcbA-xisR-intR	-
clpPX	+	clpX-lon	+
ackA-pta1	+	ackA	+
nanR1	-	nanR2	-
yggX-mltC	+	yggX	+
yggX-mltC	+	mutY-yggX-mltC-nupG	+
yggX-mltC	+	mutY-yggX-mltC-nupG	+
cspB	-	cspF3	+
kdtA-coaD	+	waaA	+
artPIQM	-	artPIQM	-
ybaB-recR	+	htpG	+
rnlB	+	rnlA	+
hlpA-lpxD-fabZ-lpxA	+	bamA-hlpA-lpxD-fabZ-lpxAB-rnhB-dnaE	+
hlpA-lpxD-fabZ-lpxA	+	fabZ	+
hlpA-lpxD-fabZ-lpxA	+	lpxD	+
yccR	+	yccFS	-
nadB	+	rpoE-rseABC	-
creABCD	+	creD	+
creABCD	+	arcA	-
rnhA	-	dnaQ1	+
rnhA	-	dnaQ2	+
rnhA	-	dnaQ	+
rnhA	-	dnaQ	+
rnhA	-	yafS1	+
ppiA	-	ppiA	-
luxS	-	luxS	-
allB	+	gcl-hyi-glxR-ybbVW-allB-ybbY-glxK	+
tnaAB	+	tnaCAB	+
ompR-envZ	-	ompR-envZ	-
rluF1	+	rluF2	+
murQP	+	murQP	+
murQP	+	murQP-yfeW	+
murQP	+	murR	-
murQP	+	murR	-
sdhCDAB	+	sdhDAB	+
pflB	-	pflB	-
pflB	-	focA-pflB	-
arpA1	-	arpA2	-
arpA1	-	arpA3	-
arpA2	-	arpA3	-
galET	-	galET	-
galET	-	galETKM	-
galET	-	galE	-
galET	-	galETK	-
galET	-	galETKM	-
galET	-	galET	-
galET	-	galE	-
galET	-	galE	-
bolA	+	bolA	+
rrsB-gltT-rrlB-rrfB	+	rrsB-gltT-rrlB-rrfB	+
rrsB-gltT-rrlB-rrfB	+	rrlB-rrfB	+
ydgD1	+	ydgD2	+
yebB	+	yebB	+
patA	+	patA	+
narZYWV	-	narWV	-
nanY	+	nanY	+
rutR	+	rutR	+
dam-rpe-gph-trpS	-	trpS	-
dam-rpe-gph-trpS	-	aroKB-damX-dam-rpe-gph-trpS	-
btuE	-	btuCED	-
deoCABD	+	yjjJ2	+
deoCABD	+	deoCABD	+
deoCABD	+	deoABD	+
udk-dcd	-	dcd	-
yedA	+	dcm-vsr	-
hepA	-	rapA-rluA	-
hepA	-	polB	-
glnHPQ	-	glnQ	-
iraD	+	iraD	+
iraD	+	hypT1	-
yjjB-dnaTC	-	yjjB-dnaTC-yjjA	-
pheM	-	rplT-pheM	-
pheM	-	pheMST-ihfA	-
gltIJKL-sroC	-	rihA1	-
gltIJKL-sroC	-	gltI-sroC-gltJKL1	-
yjfZ1	-	yjfZ2	-
otsBA	-	otsBA	-
galET	-	galETKM	-
galET	-	galE	-
galET	-	galETK	-
galET	-	galETKM	-
galET	-	galET	-
galET	-	galE	-
galET	-	galE	-
cnu1	+	cnu2	+
cnu1	+	cnu3	+
cnu1	+	cnu4	+
cnu2	+	cnu3	+
cnu2	+	cnu4	+
cnu3	+	cnu4	+
proC	-	adrA	+
srlR	+	srlAEBD-gutM-srlR-gutQ	+
ybhB1	-	ybhB2	-
ybhB1	-	bioA	-
creD	+	arcA	-
cydAB	+	cydAB	+
cydAB	+	cydAB	+
nagC	-	nagA	-
mobAB	-	mobAB	-
topA	+	topA	+
topA	+	topA	+
yajC-secDF	+	tgt-yajC	+
yodC1	-	yodC2	-
yodC1	-	yedI1	-
yodC1	-	yedI2	-
ligA-ypeB	-	yfeH1	+
ligA-ypeB	-	yfeH2	+
glnAZLG	-	glnLG	-
glnAZLG	-	glnAZ	-
ada-alkB	-	ada-alkB	-
ada-alkB	-	alkB	-
tpiA	-	tpiA	-
xapR	-	valUXY-lysV	+
rpoD	+	rpsU-dnaG-rpoD	+
rpoD	+	rpsU-dnaG-rpoD	+
rpoD	+	rpoD	+
rpoD	+	rpoD	+
secG1	-	secG2	-
secG1	-	secG-leuU	-
secG2	-	secG-leuU	-
yebV1	+	yebV2	+
yebV1	+	yebV3	+
yebV1	+	yebV4	+
yebV2	+	yebV3	+
yebV2	+	yebV4	+
yebV3	+	yebV4	+
glnLG	-	glnAZ	-
dnaQ1	+	dnaQ2	+
dnaQ1	+	dnaQ	+
dnaQ1	+	dnaQ	+
dnaQ2	+	dnaQ	+
dnaQ2	+	dnaQ	+
pptA1	+	pptA2	+
rayT1	+	rayT2	+
gcvP	-	gcvTHP	-
ypjC	-	ypjB	-
ybaP1	-	ybaP2	-
ybaP1	-	ybaP3	-
ybaP2	-	ybaP3	-
ppk-ppx1	+	ppk-ppx2	+
ppk-ppx1	+	ppk-ppx3	+
ppk-ppx1	+	ppk-ppx	+
ppk-ppx2	+	ppk-ppx3	+
ppk-ppx2	+	ppk-ppx	+
ppk-ppx3	+	ppk-ppx	+
mcrA1	+	mcrA2	+
mcrA1	+	mcrA3	+
mcrA1	+	mcrA4	+
mcrA1	+	pinE1	+
mcrA1	+	pinE2	+
mcrA2	+	mcrA3	+
mcrA2	+	mcrA4	+
mcrA2	+	pinE1	+
mcrA2	+	pinE2	+
mcrA3	+	mcrA4	+
pstB-phoU	-	phoU	-
pstB-phoU	-	pstB-phoU	-
pstB-phoU	-	pstCAB-phoU	-
pstB-phoU	-	pstSCAB-phoU	-
ycaL1	+	ycaL2	+
ycaL1	+	ycaL3	+
ycaL1	+	ycaL4	+
ycaL2	+	ycaL3	+
ycaL2	+	ycaL4	+
ycaL3	+	ycaL4	+
araE	-	ygeA1	-
dmlA1	+	dmlR1	-
micC	+	ydbK-ompN	-
yjjI	-	deoCABD	+
nlpI1	-	yrbN-deaD	-
nlpI1	-	metY-yhbC-nusA-infB-rbfA-truB-rpsO-pnp	-
nlpI1	-	rpsO-pnp	-
ligB1	-	ligB2	-
pfkA	+	pfkA	+
pfkA	+	pfkA	+
envR1	-	envR2	-
envR1	-	envR3	-
envR1	-	envR4	-
envR1	-	envR5	-
envR1	-	envR6	-
envR2	-	envR3	-
envR2	-	envR4	-
envR2	-	envR5	-
envR2	-	envR6	-
envR3	-	envR4	-
envR3	-	envR5	-
envR3	-	envR6	-
envR4	-	envR5	-
envR4	-	envR6	-
envR5	-	envR6	-
lpxC	+	ftsLI-murEF-mraY-murD-ftsW-murGC-ddlB-ftsQAZ-lpxC	+
yiiE1	+	yiiE2	+
csgA	+	csgBAC	+
csgA	+	csgBAC	+
ygbI1	-	ygbI2	-
mreB	-	mreBCD	-
mreB	-	mreB	-
ftnB	+	ftnB	+
argF-xynR1	-	xynR	-
glnS	+	glnS	+
yfbK1	-	yfbK2	-
hemF	+	amiA-hemF	+
eno	-	pyrG-eno	-
eno	-	eno	-
eno	-	pyrG-eno	-
eno	-	eno	-
eno	-	eno	-
gspAB	-	gspAB	-
gspAB	-	gspAB	-
gspAB	-	gspCDEFGHIJKLMO	+
torR	-	torT1	+
torR	-	torT2	+
torR	-	torT3	+
ivbL-ilvBN	-	ivbL-ilvBN-uhpABC1	-
csrA	-	csrA	-
csrA	-	csrA	-
rpsU-dnaG-rpoD	+	rpsU	+
rpsU-dnaG-rpoD	+	rpsU-dnaG-rpoD	+
rpsU-dnaG-rpoD	+	rpoD	+
rpsU-dnaG-rpoD	+	rpoD	+
menBCE	-	menFD-yfbB-menBCE	-
menBCE	-	menD-yfbB-menBCE	-
dcuA	-	aspA-dcuA	-
dcuA	-	aspX	-
dsbC	-	xerD-dsbC-recJ	-
ytjC	+	yjjX2	-
ytjC	+	rob	-
murQP	+	murQP-yfeW	+
murQP	+	murR	-
murQP	+	murR	-
ybgC-tolQRA1	+	ybgC-tolQRA2	+
xerD-dsbC-recJ	-	fldB	+
xerD-dsbC-recJ	-	xerD1	-
xerD-dsbC-recJ	-	xerD2	-
gpmA	-	gpmA	-
rseD-rpoE-rseABC	-	rseD-rpoE-rseABC	-
rseD-rpoE-rseABC	-	rseD-rpoE-rseABC	-
rseD-rpoE-rseABC	-	rpoE-rseABC	-
rseD-rpoE-rseABC	-	rpoE-rseABC	-
rseD-rpoE-rseABC	-	rpoE-rseABC	-
rplT-pheM	-	pheMST-ihfA	-
rplT-pheM	-	infC-rpmI-rplT	-
mdtABCD-baeSR	+	baeSR	+
rrsC-gltU-rrlC-rrfC	+	aspT1	+
rrsC-gltU-rrlC-rrfC	+	trpt	+
rrsC-gltU-rrlC-rrfC	+	rrsC-gltU-rrlC-rrfC	+
rrsC-gltU-rrlC-rrfC	+	rrsC-gltU-rrlC-rrfC	+
tam	+	lsrACDBFG-tam	+
pyrG-eno	-	eno	-
pyrG-eno	-	pyrG-eno	-
pyrG-eno	-	eno	-
pyrG-eno	-	eno	-
menA-rraA	-	rraA	-
menA-rraA	-	hslVU	-
tsaD1	-	tsaD2	-
msrB	-	gapA	+
scpA-argK-scpBC	+	ygfI	-
nudC-hemE-nfi1	+	nudC-hemE-nfi2	+
ppiD	+	ppiD	+
treR	-	treR	-
yjjJ1	+	yjjJ2	+
yjjJ2	+	deoCABD	+
cfa	+	cfa	+
cfa	+	cfa	+
psuT1	-	psuKG	-
fur	-	fldA-uof-fur	-
fur	-	fur	-
bssS	-	bssS	-
infA	-	infA	-
hemA-prfA-prmC	+	hemA	+
hemA-prfA-prmC	+	ychQA-kdsA	+
mntP	+	rlmA1	-
mlaFEDCB	-	mlaFEDCB	-
rhaSR	+	rhaSR	+
ynfN1	-	ynfN2	-
mgtA	+	mgtA	+
stfZ	-	stfZ	-
stfZ	-	ftsLI-murEF-mraY-murD-ftsW-murGC-ddlB-ftsQAZ-lpxC	+
yqeK1	-	yqeK2	-
yqeK1	-	yqeK3	-
yqeK2	-	yqeK3	-
yrhB1	+	yrhB2	+
frlABCDR	+	frlR	+
aspA-dcuA	-	aspX	-
glnB	-	yfhA	-
glnB	-	glnB	-
lit1	+	lit2	+
lit1	+	lit3	+
lit2	+	lit3	+
rrsH-ileV-alaV-rrlH-rrfH	+	rrlH-rrfH	+
rrsH-ileV-alaV-rrlH-rrfH	+	rrsH-ileV-alaV-rrlH-rrfH	+
gntU1	-	gntKU	-
gntU1	-	gntRKU	-
galETKM	-	galE	-
galETKM	-	galETK	-
galETKM	-	galETKM	-
galETKM	-	galET	-
galETKM	-	galE	-
galETKM	-	galE	-
setC1	+	setC2	+
setC1	+	setC3	+
setC1	+	setC4	+
setC2	+	setC3	+
setC2	+	setC4	+
setC3	+	setC4	+
aqpZ1	-	aqpZ2	-
cbpA-cbpM	-	cbpAM	-
mhpR-lacI	-	lacI	-
lptAB	+	rpoN-hpf-ptsN-yhbJ-npr	+
lptAB	+	yrbG-kdsDC-lptCAB	+
rseD-rpoE-rseABC	-	rseD-rpoE-rseABC	-
rseD-rpoE-rseABC	-	rpoE-rseABC	-
rseD-rpoE-rseABC	-	rpoE-rseABC	-
rseD-rpoE-rseABC	-	rpoE-rseABC	-
ycjXF-tyrR	+	ycjXF	+
ycjXF-tyrR	+	tyrR	+
yaaW1	-	htgA	+
yaaW1	-	yaaI1	-
yaaW1	-	yaaI2	-
yaaW1	-	yaaI3	-
ais1	-	ais2	-
ais1	-	ais3	-
ais2	-	ais3	-
csgDEFG	-	csgDEFG	-
pfkA	+	pfkA	+
gspCDEFGHIJKLMO	+	gspAB	-
gspCDEFGHIJKLMO	+	gspCDEFGHIJKLMO	+
murQP-yfeW	+	murR	-
murQP-yfeW	+	murR	-
glk	-	glk	-
grxC1	-	secB-gpsA	-
grxC1	-	yibN-grxC-secB-gpsA	-
ynfEFGH-dmsD	+	ynfEFGH-dmsD	+
galE	-	galETK	-
galE	-	galETKM	-
galE	-	galET	-
galE	-	galE	-
galE	-	galE	-
glpFKX	-	glpFK	-
yggSTU-rdgB-hemW	+	rdgB-yggW	+
ydcL1	+	ydcL2	+
ydcL1	+	ydcL3	+
ydcL1	+	ydcL4	+
ydcL1	+	ydcL5	+
ydcL2	+	ydcL3	+
ydcL2	+	ydcL4	+
ydcL2	+	ydcL5	+
ydcL3	+	ydcL4	+
ydcL3	+	ydcL5	+
ydcL4	+	ydcL5	+
yahE	+	yahDEFG	+
eno	-	pyrG-eno	-
eno	-	eno	-
eno	-	eno	-
clpB	-	ryfD	-
yciT	-	yciZT	-
ptrB	-	yobB-exoX1	+
ptrB	-	yobB-exoX2	+
apaGH	-	pdxA-rsmA-apaGH	-
apaGH	-	rsmA-apaGH	-
rpoN-hpf-ptsN-yhbJ-npr	+	yrbG-kdsDC-lptCAB	+
yfaL1	-	yfaL2	-
yfaL1	-	yfaL3	-
yfaL1	-	yfaL4	-
yfaL2	-	yfaL3	-
yfaL2	-	yfaL4	-
yfaL3	-	yfaL4	-
entS	+	entS	+
xapB	-	xapAB	-
xapB	-	xapB	-
xapB	-	xapB	-
xapB	-	xapAB	-
uppS-cdsA	+	dxr-uppS-cdsA1	+
uppS-cdsA	+	dxr-uppS-cdsA2	+
uppS-cdsA	+	dxr-uppS-cdsA3	+
uppS-cdsA	+	dxr-uppS-cdsA4	+
uppS-cdsA	+	rseP	+
uppS-cdsA	+	cdsA1	+
uppS-cdsA	+	cdsA2	+
imp	-	imp	-
imp	-	imp-surA-pdxA	-
ybhH1	+	ybhH2	+
lacZYA	-	cynTSX	+
lacZYA	-	lacZYA	-
mreBCD	-	mreB	-
tnaCAB	+	tnaC	+
ybjL1	-	ybjL2	-
ybjL1	-	ybjM1	+
ybjL2	-	ybjM1	+
ybjL2	-	ybjM2	+
fumC	-	tus1	+
fumC	-	fumAC	-
ytfI1	+	ytfI2	+
ytfI1	+	ytfI3	+
ytfI1	+	ytfI4	+
ytfI2	+	ytfI3	+
ytfI2	+	ytfI4	+
ytfI3	+	ytfI4	+
xapAB	-	xapB	-
xapAB	-	xapB	-
xapAB	-	xapAB	-
yciSM-pyrF-yciH	+	lapAB	+
yciSM-pyrF-yciH	+	yciSM-pyrF-yciH	+
yciSM-pyrF-yciH	+	pyrF-yciH	+
pflB	-	focA-pflB	-
mqo1	-	mqo2	-
mqo1	-	mqo3	-
mqo2	-	mqo3	-
dld1	+	dld2	+
dld1	+	bglX	-
dld1	+	pbpG1	-
dld1	+	pbpG2	-
dld2	+	pbpG1	-
dld2	+	pbpG2	-
yjaA1	+	yjaA2	+
yjaA2	+	rrsE-gltV-rrlE-rrfE	+
paaJ	+	paaJ	+
paaJ	+	paaABCDEFGHIJK	+
lolB-ispE-prs	-	prs	-
yfdF1	+	yfdF2	+
yfdF1	+	yfdF3	+
yfdF1	+	yfdF4	+
yfdF2	+	yfdF3	+
yfdF2	+	yfdF4	+
yfdF3	+	yfdF4	+
pdeL	+	pdeL	+
yhcC1	-	yhcC2	-
rihA1	-	hscC1	-
rihA1	-	hscC2	-
rihA1	-	gltI-sroC-gltJKL1	-
acs-yjcHG	-	yjcH-actP	-
acs-yjcHG	-	acs-yjcHG	-
metR	-	metR	-
hchA	+	hchA	+
aspT1	+	rrsC-gltU-rrlC-rrfC	+
aspT1	+	rrsC-gltU-rrlC-rrfC	+
ydaSTUVW-rzpR	+	rzoR	+
ydaSTUVW-rzpR	+	racR1	-
yihF1	+	yihF2	+
yihF1	+	yihF3	+
yihF2	+	yihF3	+
holC1	-	valS	-
plsC	-	ftsP1	-
plsC	-	ftsP2	-
tsx	-	tsx	-
rimL	+	ydcH	+
insE2F2EF2	-	yaiT	+
ftsP1	-	ftsP2	-
ftsP1	-	ygiQ2	-
ftsP2	-	ygiQ2	-
torT1	+	torT2	+
torT1	+	torT3	+
torT2	+	torT3	+
dadAX	+	dadAX	+
yfjM1	-	rnlA	+
yghQ1	-	yghQ2	-
yghQ1	-	yghQ3	-
yghQ1	-	yghQ4	-
yghQ1	-	yghSR	-
yghQ2	-	yghQ3	-
yghQ2	-	yghQ4	-
yghQ2	-	yghSR	-
yghQ3	-	yghQ4	-
yghQ4	-	yghSR	-
ydjE1	-	ydjE2	-
rrsG-gltW-rrlG-rrfG	-	rrsG-gltW-rrlG-rrfG	-
rrsG-gltW-rrlG-rrfG	-	rrfG	-
ompC	-	ompC	-
yrbG-kdsDC-lptCAB	+	yrbG-kdsD	+
mutL-miaA-hfq-hflXKC	+	yjeFE-amiB-mutL-miaA-hfq-hflXKC	+
mutL-miaA-hfq-hflXKC	+	hfq-hflXKC	+
mutL-miaA-hfq-hflXKC	+	miaA-hfq-hflXKC	+
mutL-miaA-hfq-hflXKC	+	hfq-hflXKC1	+
mutL-miaA-hfq-hflXKC	+	hfq-hflXKC2	+
mutL-miaA-hfq-hflXKC	+	miaA-hfq-hflXKC	+
ykgJ1	-	ykgJ2	-
ytfF1	-	ytfF2	-
puuCBE	+	puuDRCBE	+
hscC1	-	hscC2	-
nemRA-gloA	+	gloA	+
flu	+	flu	+
flu	+	isrC	+
rlmL-uup	+	pqiABC	+
rlmL-uup	+	pqiABC	+
yqgA1	+	yqgA2	+
rplL	+	rplJL-rpoBC	+
osmC	+	osmC	+
yiiG1	+	yiiG2	+
sdiA	-	sdiA	-
sdiA	-	sdsN	+
phoU	-	pstB-phoU	-
phoU	-	pstCAB-phoU	-
phoU	-	pstSCAB-phoU	-
ygiQ1	-	ygiQ2	-
flu	+	isrC	+
aroH	+	aroH	+
ivbL-ilvBN-uhpABC1	-	uhpB	-
rpsU	+	rpsU-dnaG-rpoD	+
yjgM1	-	yjgN2	+
yjgM1	-	yjgN3	+
ybjC-nfsA-rimK-ybjN	+	rimK-ybjN	+
ybjC-nfsA-rimK-ybjN	+	ybjN	+
alpA	+	yfjH1	-
alpA	+	yfjH2	-
alpA	+	yfjI4	+
speE	-	speD	-
speE	-	yacC-speED	-
insH-10	-	yhcADE	+
ybjM1	+	ybjM2	+
ytfK	+	ytfK	+
phoH	+	phoH	+
qseBC	+	qseBC	+
rdcAB	+	rdcAB	+
serB-radA	+	serB1	+
bamA-hlpA-lpxD-fabZ-lpxAB-rnhB-dnaE	+	rseP	+
bamA-hlpA-lpxD-fabZ-lpxAB-rnhB-dnaE	+	fabZ	+
bamA-hlpA-lpxD-fabZ-lpxAB-rnhB-dnaE	+	bamA	+
bamA-hlpA-lpxD-fabZ-lpxAB-rnhB-dnaE	+	accA	+
bamA-hlpA-lpxD-fabZ-lpxAB-rnhB-dnaE	+	lpxD	+
ada-alkB	-	alkB	-
ptsHI-crr	+	crr	+
ptsHI-crr	+	ptsHI-crr	+
ptsHI-crr	+	ptsHI-crr	+
ptsHI-crr	+	ptsHI-crr	+
thrS-infC	-	infC-rpmI-rplT	-
thrS-infC	-	infC	-
pgk	-	pgk	-
pgk	-	pgk	-
pgk	-	pgk-fbaA	-
rrsG-gltW-rrlG-rrfG	-	rrfG	-
xapB	-	xapB	-
xapB	-	xapAB	-
sieB	+	ydaGF	-
pheMST-ihfA	-	ihfA	-
dxr-uppS-cdsA1	+	dxr-uppS-cdsA2	+
dxr-uppS-cdsA1	+	dxr-uppS-cdsA3	+
dxr-uppS-cdsA1	+	dxr-uppS-cdsA4	+
dxr-uppS-cdsA1	+	rseP	+
dxr-uppS-cdsA1	+	cdsA1	+
dxr-uppS-cdsA1	+	cdsA2	+
dxr-uppS-cdsA2	+	dxr-uppS-cdsA3	+
dxr-uppS-cdsA2	+	dxr-uppS-cdsA4	+
dxr-uppS-cdsA2	+	rseP	+
dxr-uppS-cdsA2	+	cdsA1	+
dxr-uppS-cdsA2	+	cdsA2	+
dxr-uppS-cdsA3	+	dxr-uppS-cdsA4	+
dxr-uppS-cdsA3	+	rseP	+
dxr-uppS-cdsA3	+	cdsA1	+
dxr-uppS-cdsA3	+	cdsA2	+
dxr-uppS-cdsA4	+	rseP	+
dxr-uppS-cdsA4	+	cdsA1	+
dxr-uppS-cdsA4	+	cdsA2	+
elfA1	+	elfA2	+
elfA1	+	elfA3	+
elfA2	+	elfA3	+
pyrG-eno	-	eno	-
pyrG-eno	-	eno	-
gspAB	-	gspAB	-
gspAB	-	gspCDEFGHIJKLMO	+
fumA	-	fumAC	-
yeeN1	+	yeeN2	+
secB-gpsA	-	cysE	-
secB-gpsA	-	yibN-grxC-secB-gpsA	-
ileS-lspA-fkpB-ispH	+	lsp-fkpB-ispH	+
ileS-lspA-fkpB-ispH	+	ileS-lspA-fkpB-ispH	+
ileS-lspA-fkpB-ispH	+	ribF-ileS-lspA-fkpB-ispH	+
glgCAP	-	glgBXCAP	-
rnk1	-	rnk2	-
paaJ	+	paaABCDEFGHIJK	+
rseP	+	bamA	+
rseP	+	cdsA1	+
rseP	+	cdsA2	+
hupB	+	hupB	+
hupB	+	hupB	+
sthA	-	oxyR	+
ybeX-lnt	-	ybeZYX-lnt	-
yncE	+	yncD1	-
gyrB	-	yidB1	-
gyrB	-	gyrB	-
gyrB	-	dnaN-recF	-
gyrB	-	dnaAN-recF	-
gyrB	-	recF	-
imp	-	imp-surA-pdxA	-
cysZ1	+	zipA1	-
ibpAB	-	ibpB	-
alsK1	-	alsBACE	-
yahM1	+	xtpA	+
mutM	-	mutM1	-
mutM	-	mutM2	-
mutM	-	yicR-rpmBG-mutM	-
yceQ1	+	rne	-
yceQ1	+	rne	-
yceQ1	+	rne	-
gntR	-	gntKU	-
gntR	-	gntRKU	-
yiaKLMNO-lyx-sgbHUE	+	yiaKLMNO-lyx-sgbHUE	+
fhuF	-	fhuF	-
galETK	-	galETKM	-
galETK	-	galET	-
galETK	-	galE	-
galETK	-	galE	-
rfbACX	-	rfbBDACX	-
yjgB1	-	yjgB2	-
yjgB1	-	yjgB3	-
yjgB1	-	yjgB4	-
yjgB2	-	yjgB3	-
yjgB2	-	yjgB4	-
yjgB3	-	yjgB4	-
dppBCDF	-	dppABCDF	-
cynTSX	+	lacZYA	-
cynTSX	+	cynTS	+
hcaT1	-	hcaT2	-
hcaT1	-	hcaT3	-
hcaT1	-	csiE	+
hcaT1	-	csiE	+
hcaT1	-	hcaR	-
hcaT2	-	hcaT3	-
hcaT2	-	csiE	+
hcaT2	-	csiE	+
hcaT3	-	csiE	+
hcaT3	-	csiE	+
ompF	-	ompF	-
yheO-tusDCB	-	yheO-tusDCB	-
yicJI	-	selC	+
flk	+	yfcJ1	-
imp-surA-pdxA	-	djlA1	+
imp-surA-pdxA	-	pdxA-rsmA-apaGH	-
imp-surA-pdxA	-	rsmA-apaGH	-
ampH	-	ampH	-
yehK1	+	yehHI	+
trpS	-	aroKB-damX-dam-rpe-gph-trpS	-
cysE	-	yibN-grxC-secB-gpsA	-
topA	+	topA	+
rrlH-rrfH	+	rrsH-ileV-alaV-rrlH-rrfH	+
trpt	+	rrsC-gltU-rrlC-rrfC	+
trpt	+	rrsC-gltU-rrlC-rrfC	+
uspA	+	uspA	+
rpmH-rnpA	+	rpmH-rnpA	+
yjhU1	-	yjhU2	-
yjhU1	-	yjhU3	-
yjhU2	-	yjhU3	-
cstA	+	cstA	+
cstA	+	ybdD1	+
cstA	+	cstA	+
ycaN	-	ycaK2	+
yahO	+	yahN1	-
yahO	+	yahN2	-
holE1	+	holE2	+
holE1	+	holE3	+
holE1	+	yobB-exoX1	+
holE2	+	holE3	+
holE2	+	yobB-exoX1	+
holE3	+	yobB-exoX1	+
rfaH1	-	rfaH2	-
rfaH1	-	tatABC	+
rfaH1	-	tatD	+
rfaH2	-	tatABC	+
rfaH2	-	tatD	+
csgBAC	+	csgBAC	+
csgBAC	+	ymdAB-clsC	+
csgBAC	+	ymdAB	+
yqeH1	+	yqeH2	+
eptB	-	eptB	-
galETKM	-	galET	-
galETKM	-	galE	-
galETKM	-	galE	-
adiC	-	adiY	-
gltX	-	gltX	-
rstAB	+	tus1	+
deoCABD	+	deoABD	+
rrsC-gltU-rrlC-rrfC	+	rrsC-gltU-rrlC-rrfC	+
ydcJ1	+	ydcJ2	+
csrA	-	csrA	-
yidB1	-	gyrB	-
eco1	+	eco2	+
rseD-rpoE-rseABC	-	rpoE-rseABC	-
rseD-rpoE-rseABC	-	rpoE-rseABC	-
rseD-rpoE-rseABC	-	rpoE-rseABC	-
yjeV	+	queG	-
mutM1	-	mutM2	-
mutM1	-	yicR-rpmBG	-
mutM1	-	yicR-rpmBG-mutM	-
mutM2	-	yicR-rpmBG-mutM	-
yfeH1	+	yfeH2	+
yabR	-	ilvIH	+
yfgM	-	yfGM	-
appCBA-yccB	+	appA	+
yjfP1	+	yjfP2	+
yjfP1	+	ulaR1	-
yjfP1	+	bsmA	-
yjfP2	+	ulaR1	-
rbn	+	elaA1	-
rbn	+	elaA2	-
ydiM1	+	ydiM2	+
diaA	+	dolP	+
lsp-fkpB-ispH	+	ileS-lspA-fkpB-ispH	+
lsp-fkpB-ispH	+	ribF-ileS-lspA-fkpB-ispH	+
nanCM	-	nanS1	-
metY-yhbC-nusA-infB-rbfA-truB-rpsO-pnp	-	nusA-infB	-
metY-yhbC-nusA-infB-rbfA-truB-rpsO-pnp	-	metY	-
metY-yhbC-nusA-infB-rbfA-truB-rpsO-pnp	-	metY	-
metY-yhbC-nusA-infB-rbfA-truB-rpsO-pnp	-	rpsO-pnp	-
yafT1	+	yafT2	+
yafT1	+	yafT3	+
yafT2	+	yafT3	+
wcaCDEF-gmd-fcl-gmm-wcaI-cpsBG-wcaJ-wzxC	-	wza-wzb-wzc-wcaAB	-
zur1	-	zur2	-
pspF	-	pspF	-
yegJ1	+	yegJ2	+
ygeW1	+	ygeW2	+
ygeW1	+	ygeW3	+
ygeW2	+	ygeW3	+
mtr	-	mtr	-
ycjD1	-	ycjD2	-
ycjD1	-	sapABCDF	-
ycjD2	-	sapABCDF	-
oppABCDF	+	oppBCDF	+
phnCDEEFGHIJKLMNOP	-	phnLMNOP	-
idnR	-	idnDOTR	-
fabG-acpP	+	fabDG-acpP	+
fabG-acpP	+	acpP-fabF	+
fabG-acpP	+	plsX-fabHDG	+
fabG-acpP	+	fabHDG	+
def-fmt	+	smf	-
nikABCDER	+	nikABCDER	+
nikABCDER	+	nikR	+
asnC-mioC	-	asnC-mioC-mnmG	-
racR1	-	racR2	-
racR1	-	racR3	-
racR2	-	racR3	-
mqsA	-	mqsRA	-
mqsA	-	mqsA	-
mqsA	-	mqsRA	-
rpoH	-	rpoH	-
speD	-	yacC-speED	-
crcB1	-	crcB2	-
yfaZ1	-	yfaZ2	-
yihD	+	mobAB	-
tpke11	+	dnaKJ	+
rpsA-ihfB	+	ihfB	+
rpsA-ihfB	+	ihfB	+
cstA	+	ybdD1	+
cstA	+	cstA	+
pqiABC	+	pqiABC	+
pqiABC	+	ymbA	+
atpIBEFHAGDC	-	atpBEFHAGDC	-
yhaH1	+	yhaH2	+
cspH1	-	cspH2	-
cspH1	-	cspH3	-
cspH1	-	cspH4	-
cspH1	-	cspH5	-
cspH1	-	cspH6	-
cspH1	-	cspH7	-
cspH2	-	cspH3	-
cspH2	-	cspH4	-
cspH2	-	cspH5	-
cspH2	-	cspH6	-
cspH2	-	cspH7	-
cspH3	-	cspH4	-
cspH3	-	cspH5	-
cspH3	-	cspH6	-
cspH3	-	cspH7	-
cspH4	-	cspH5	-
cspH4	-	cspH6	-
cspH4	-	cspH7	-
cspH5	-	cspH6	-
cspH5	-	cspH7	-
cspH6	-	cspH7	-
pdhR-aceEF-lpdA	+	lpdA	+
pdhR-aceEF-lpdA	+	aceEF	+
yegS1	+	yegS2	+
yegS1	+	yegS3	+
yegS1	+	yegS4	+
yegS2	+	yegS3	+
yegS2	+	yegS4	+
yegS3	+	yegS4	+
yqgC	+	yqgD	-
cydAB	+	cydAB	+
ycjY-ymjDC-mpaA	-	pgrR	+
ycjY-ymjDC-mpaA	-	ymjC-mpaA	-
ycjY-ymjDC-mpaA	-	ycjG	+
yedI1	-	yedI2	-
ycgN1	+	ycgN2	+
ycgN1	+	ycgN3	+
ycgN2	+	ycgN3	+
ycgN3	+	ycgM	+
kdgR1	-	kdgR2	-
kdgR1	-	kdgR3	-
kdgR2	-	kdgR3	-
kdgR3	-	yebQ1	+
kdgR3	-	yebQ2	+
trxA	+	trxA	+
ybgIJKL-nei	+	dtpD1	-
ybgIJKL-nei	+	dtpD2	-
ybgIJKL-nei	+	dtpD3	-
fldA-uof-fur	-	fur	-
yggX	+	mutY-yggX-mltC-nupG	+
yggX	+	mutY-yggX-mltC-nupG	+
yoeA	+	insC3D3CD3	-
tabA1	+	tabA2	+
tsaB-yeaY	-	yeaY	-
rpoE-rseABC	-	rpoE-rseABC	-
rpoE-rseABC	-	rpoE-rseABC	-
rrsB-gltT-rrlB-rrfB	+	rrlB-rrfB	+
rcsC1	-	rcsC2	-
rcsC2	-	atoSC	+
uvrYC	-	uvrC	-
chpSB	+	chpSB	+
galET	-	galE	-
galET	-	galE	-
rne	-	rne	-
rne	-	rne	-
yjjX1	-	yjjX2	-
yiaD1	+	yiaD2	+
yiaD1	+	ghrB1	+
yiaD1	+	bisC1	-
yiaD1	+	bisC2	-
yiaD1	+	bisC4	-
yiaD2	+	ghrB1	+
yiaD2	+	bisC1	-
yiaD2	+	bisC2	-
yiaD2	+	bisC3	-
yiaD2	+	bisC4	-
mnmG-rsmG	-	asnC-mioC-mnmG	-
pinE1	+	pinE2	+
ssrS-ygfA	+	ssrS	+
yohC1	-	yohC2	-
yohC1	-	pbpG1	-
yohC2	-	pbpG1	-
alx1	+	alx2	+
alx1	+	alx3	+
alx2	+	alx3	+
yebQ1	+	yebQ2	+
crr	+	ptsHI-crr	+
crr	+	ptsHI-crr	+
crr	+	ptsHI-crr	+
sohB	+	sohB	+
ileS-lspA-fkpB-ispH	+	ribF-ileS-lspA-fkpB-ispH	+
galE	-	galE	-
mscL	+	arfA	-
yciG	-	yciGFE	-
gadXW	-	gadW	-
gadXW	-	gadX	-
pykF	+	pykF	+
pykF	+	pykF	+
yjeFE-amiB-mutL-miaA-hfq-hflXKC	+	queG	-
yjeFE-amiB-mutL-miaA-hfq-hflXKC	+	hfq-hflXKC	+
yjeFE-amiB-mutL-miaA-hfq-hflXKC	+	miaA-hfq-hflXKC	+
yjeFE-amiB-mutL-miaA-hfq-hflXKC	+	hfq-hflXKC1	+
yjeFE-amiB-mutL-miaA-hfq-hflXKC	+	hfq-hflXKC2	+
yjeFE-amiB-mutL-miaA-hfq-hflXKC	+	miaA-hfq-hflXKC	+
dnaQ	+	dnaQ	+
yaaA1	-	yaaA2	-
alkA	-	alkA	-
lapAB	+	yciSM-pyrF-yciH	+
modABC	+	modABC	+
insN-2	+	yjhV	+
nikABCDER	+	nikR	+
pepD	-	pepD	-
infC-rpmI-rplT	-	infC	-
feaB	+	feaR	-
plsB	-	plsB	-
yehE1	-	yehE2	-
yehE1	-	yehE3	-
yehE2	-	yehE3	-
ymjA1	-	puuP	-
ymjA1	-	puuAP	-
yhjE1	+	yhjE2	+
stfZ	-	ftsLI-murEF-mraY-murD-ftsW-murGC-ddlB-ftsQAZ-lpxC	+
ddpXABCDF	-	ddpXABCDF	-
mutY-yggX-mltC-nupG	+	mutY-yggX-mltC-nupG	+
sfsA-dksA	-	ligT	-
araFGH	-	araFGH	-
pstB-phoU	-	pstCAB-phoU	-
pstB-phoU	-	pstSCAB-phoU	-
sdsN	+	sdsN	+
relA	-	relA-mazEF	-
relA	-	relA-mazEF	-
relA	-	ameF	+
mazEFG	-	relA-mazEF	-
mazEFG	-	relA-mazEF	-
mazEFG	-	ameF	+
ycgX1	-	ycgX2	-
frc	-	oxc1	-
frc	-	oxc2	-
yafC1	-	yafDE	+
rlmE-ftsH	-	rlmE-ftsH	-
ihfB	+	ihfB	+
elaA1	-	elaA2	-
puuP	-	puuAP	-
tus1	+	fumAC	-
cspF1	+	cspF2	+
cspF1	+	cspF3	+
cspF2	+	cspF3	+
yggN	-	yggN	-
yfjH1	-	yfjH2	-
carAB	+	carAB	+
insH-8	-	yejO	-
proVWX	+	proVWX	+
fabDG-acpP	+	acpP-fabF	+
fabDG-acpP	+	plsX-fabHDG	+
fabDG-acpP	+	fabHDG	+
ybdD1	+	cstA	+
yeiH1	+	yeiE3	-
rpoE-rseABC	-	rpoE-rseABC	-
pldB-yigL1	+	pldB-yigL2	+
gntKU	-	gntRKU	-
sdiA	-	sdsN	+
mqsRA	-	mqsA	-
mqsRA	-	mqsRA	-
hupB	+	hupB	+
ygdI1	-	ygdI2	-
ppsR1	+	ppsR2	+
ppsR1	+	ppsR3	+
ppsR2	+	ppsR3	+
pqiABC	+	ymbA	+
ydhS1	+	ydhS2	+
ydhS1	+	ydhS3	+
ydhS2	+	ydhS3	+
iraD	+	hypT1	-
gyrB	-	dnaN-recF	-
gyrB	-	dnaAN-recF	-
gyrB	-	recF	-
dpiBA	+	citCDEFXG	-
dpiBA	+	dpiBA	+
yihUTS	-	yihUTS	-
yihUTS	-	yihUTS	-
xapB	-	xapAB	-
ymjC-mpaA	-	ycjG	+
sfmA1	+	sfmA2	+
tyrV-tpr	-	rttR	-
pgk	-	pgk	-
pgk	-	pgk-fbaA	-
yqgD	-	metK	+
pgi	+	pgi	+
yadC	-	yadMLKC	-
yneE1	-	yneE2	-
rpsU-dnaG-rpoD	+	rpoD	+
rpsU-dnaG-rpoD	+	rpoD	+
ptsHI-crr	+	ptsHI-crr	+
ptsHI-crr	+	ptsHI-crr	+
ycaK1	+	ycaK2	+
ycaK1	+	ycaK3	+
ycaK2	+	ycaK3	+
relA-mazEF	-	relA-mazEF	-
relA-mazEF	-	ameF	+
dnaN-recF	-	dnaAN-recF	-
dnaN-recF	-	recF	-
dtpD1	-	dtpD2	-
dtpD1	-	dtpD3	-
dtpD2	-	dtpD3	-
kgtP1	-	kgtP2	-
kgtP1	-	kgtP3	-
kgtP2	-	kgtP3	-
mqsA	-	mqsRA	-
yfjI1	+	yfjI2	+
yfjI1	+	yfjI3	+
yfjI1	+	yfjI4	+
yfjI2	+	yfjI3	+
yfjI2	+	yfjI4	+
yfjI3	+	yfjI4	+
citCDEFXG	-	citCDEFXG	-
yciSM-pyrF-yciH	+	pyrF-yciH	+
serA	-	serA	-
csgBAC	+	ymdAB-clsC	+
csgBAC	+	ymdAB	+
relA-mazEF	-	ameF	+
dnaAN-recF	-	recF	-
pykF	+	pykF	+
ymdAB-clsC	+	ymdB-clsC	+
ymdAB-clsC	+	ymdAB	+
lrp	+	ftsK	+
kup	+	kup	+
fldB	+	xerD1	-
fldB	+	xerD2	-
gltP1	+	gltP2	+
gltP1	+	gltP3	+
gltP2	+	gltP3	+
cfa	+	cfa	+
tdcR1	+	tdcR2	+
tdcR1	+	tdcR3	+
tdcR1	+	tdcR4	+
tdcR1	+	tdcR5	+
tdcR2	+	tdcR3	+
tdcR2	+	tdcR4	+
tdcR2	+	tdcR5	+
tdcR3	+	tdcR4	+
tdcR3	+	tdcR5	+
tdcR4	+	tdcR5	+
ybfA1	+	ybfA2	+
xerD1	-	xerD2	-
ydjF1	-	ydjF2	-
yadN1	-	yadN2	-
yadN1	-	yadN3	-
yadN2	-	yadN3	-
yciE	-	yciGFE	-
argE	-	argCBH	+
csiE	+	csiE	+
ynfA1	-	ynfA2	-
ynfA1	-	ynfA3	-
ynfA2	-	ynfA3	-
yjcH-actP	-	acs-yjcHG	-
hfq-hflXKC	+	miaA-hfq-hflXKC	+
hfq-hflXKC	+	hfq-hflXKC1	+
hfq-hflXKC	+	hfq-hflXKC2	+
hfq-hflXKC	+	miaA-hfq-hflXKC	+
rimK-ybjN	+	ybjN	+
ydeN1	-	ydeN2	-
ydeN1	-	ydeNM	-
ydeN2	-	ydeNM	-
yeiE1	-	yeiE2	-
yeiE1	-	yeiE3	-
yeiE2	-	yeiE3	-
arcB	-	arcZ	+
rydB1	-	rydB2	-
yihUTS	-	yihUTS	-
ptsHI-crr	+	ptsHI-crr	+
glxK	+	gcl-hyi-glxR-ybbVW-allB-ybbY-glxK	+
ilvIH	+	ilvIH	+
yhfL1	+	yhfL2	+
yhfL1	+	yhfL3	+
yhfL1	+	yhfL4	+
yhfL2	+	yhfL3	+
yhfL2	+	yhfL4	+
yhfL3	+	yhfL4	+
yqhD-dkgA	+	yqhC1	-
gspAB	-	gspCDEFGHIJKLMO	+
ymdB-clsC	+	ymdAB	+
rne	-	rne	-
yicR-rpmBG	-	yicR-rpmBG-mutM	-
ybhQ	+	cecR-ybhGFSR	-
menFD-yfbB-menBCE	-	menD-yfbB-menBCE	-
bamD	+	bamD	+
bamD	+	rluD-pgeF	-
miaA-hfq-hflXKC	+	hfq-hflXKC1	+
miaA-hfq-hflXKC	+	hfq-hflXKC2	+
miaA-hfq-hflXKC	+	miaA-hfq-hflXKC	+
yajG-ampG	-	ampG1	-
yajG-ampG	-	ampG2	-
yajG-ampG	-	ampG3	-
eno	-	eno	-
yjiK1	-	yjiK2	-
yjiK1	-	yjiK3	-
yjiK2	-	yjiK3	-
yobF-cspC	-	yobF-cspC	-
pbpG1	-	pbpG2	-
sugE	+	blc	-
tdk1	+	tdk2	+
pstCAB-phoU	-	pstSCAB-phoU	-
ydbK	-	ydbK-ompN	-
ampG1	-	ampG2	-
ampG1	-	ampG3	-
ampG2	-	ampG3	-
ymgE1	+	ymgE2	+
oxc1	-	oxc2	-
hfq-hflXKC1	+	hfq-hflXKC2	+
hfq-hflXKC1	+	miaA-hfq-hflXKC	+
hfq-hflXKC2	+	miaA-hfq-hflXKC	+
rzoD	+	essD-ybcS-rzpD	+
ryjB	+	sgcXBCQAER	-
yhiD1	-	yhiD2	-
cbrBC	+	cbrC	+
greB1	+	greB2	+
rhsB1	+	rhsB2	+
rhsB1	+	rhsB3	+
rhsB1	+	rhsB4	+
rhsB1	+	rhsB5	+
rhsB1	+	rhsB6	+
rhsB2	+	rhsB3	+
rhsB2	+	rhsB4	+
rhsB2	+	rhsB5	+
rhsB2	+	rhsB6	+
rhsB3	+	rhsB4	+
rhsB3	+	rhsB5	+
rhsB3	+	rhsB6	+
rhsB4	+	rhsB5	+
rhsB4	+	rhsB6	+
rhsB5	+	rhsB6	+
pgk	-	pgk-fbaA	-
yihQ1	-	yihQ2	-
yihQ1	-	yihQ3	-
yihQ2	-	yihQ3	-
yifB1	-	yifB2	-
yifB1	-	yifB3	-
yifB2	-	yifB3	-
xseB-ispA-dxs-yajO	-	yajO	-
yaaI1	-	yaaI2	-
yaaI1	-	yaaI3	-
yaaI2	-	yaaI3	-
metY	-	metY	-
srmB1	+	srmB2	+
sdsR-pphA	-	sdsR-pphA	-
ybdJ1	-	ybdJ2	-
ybdJ1	-	ybdJ3	-
ybdJ1	-	ybdJ4	-
ybdJ2	-	ybdJ3	-
ybdJ2	-	ybdJ4	-
ybdJ3	-	ybdJ4	-
ravA-viaA	-	kup	+
ygeI1	+	ygeI2	+
ygeI1	+	ygeI3	+
ygeI2	+	ygeI3	+
poxB	-	poxB	-
poxB	-	hcp-hcr-poxB	-
yjtD1	+	yjtD2	+
rpoD	+	rpoD	+
yaiS1	-	yaiS2	-
yaiS1	-	yaiS3	-
yaiS1	-	yaiS4	-
yaiS2	-	yaiS3	-
yaiS2	-	yaiS4	-
yaiS3	-	yaiS4	-
ychJ-purU	-	purU	-
bisC1	-	bisC2	-
bisC1	-	bisC3	-
bisC1	-	bisC4	-
bisC2	-	bisC3	-
bisC2	-	bisC4	-
bisC3	-	bisC4	-
ydhF1	-	ydhF2	-
bax1	-	bax2	-
kdsA	+	ychQA-kdsA	+
yobB-exoX1	+	yobB-exoX2	+
pdxA-rsmA-apaGH	-	rsmA-apaGH	-
yacH1	-	yacH2	-
rarD1	-	rarD2	-
rarD1	-	rarD3	-
rarD1	-	rarD4	-
rarD1	-	rarD5	-
rarD2	-	rarD3	-
rarD2	-	rarD4	-
rarD2	-	rarD5	-
rarD3	-	rarD4	-
rarD3	-	rarD5	-
rarD4	-	rarD5	-
ynaK-ydaY1	+	ynaK-ydaY2	+
ynaK-ydaY1	+	ynaK-ydaY3	+
ynaK-ydaY1	+	ynaK-ydaY4	+
ynaK-ydaY2	+	ynaK-ydaY3	+
ynaK-ydaY2	+	ynaK-ydaY4	+
ynaK-ydaY3	+	ynaK-ydaY4	+
yahN1	-	yahN2	-
yhaI1	+	yhaI2	+
yhaI1	+	yhaI3	+
yhaI1	+	yhaI4	+
yhaI2	+	yhaI3	+
yhaI2	+	yhaI4	+
yhaI3	+	yhaI4	+
yfcV1	-	yfcV2	-
yfcV1	-	yfcV3	-
yfcV1	-	yfcV4	-
yfcV2	-	yfcV3	-
yfcV2	-	yfcV4	-
yfcV3	-	yfcV4	-
bamD	+	rluD-pgeF	-
murR	-	murR	-
plsX-fabHDG	+	fabHDG	+
tatABC	+	tatD	+
ybeF1	-	ybeF2	-
ybeF1	-	ybeF3	-
ybeF1	-	ybeF4	-
ybeF2	-	ybeF3	-
ybeF2	-	ybeF4	-
ybeF3	-	ybeF4	-
yjgN1	+	yjgN2	+
yjgN1	+	yjgN3	+
yjgN2	+	yjgN3	+
poxB	-	hcp-hcr-poxB	-
insH-111	-	insH-112	-
cdsA1	+	cdsA2	+
yghJ1	-	yghJ2	-
yghJ1	-	yghJ3	-
yghJ2	-	yghJ3	-
yieH1	+	yieH2	+
