TU_Name	TU_Direction	Overlapping_TU	Overlapping_Direction	Concatenated
nhaR	+	nhaAR	+	nhaRnhaAR
mioC	-	asnC-mioC	-	mioCasnC-mioC
mioC	-	asnC-mioC-mnmG	-	mioCasnC-mioC-mnmG
araBAD	-	polB	-	araBADpolB
groSL	+	groL	+	groSLgroL
argQ	-	serV-argVYZQ	-	argQserV-argVYZQ
rsmE-gshB1	+	endA	+	rsmE-gshB1endA
pdeG	+	ymgF1	+	pdeGymgF1
ygjI1	+	ebgAC	+	ygjI1ebgAC
yghA1	+	yqhA2	-	yghA1yqhA2
abrB	-	nei	+	abrBnei
abrB	-	ybgIJKL-nei	+	abrBybgIJKL-nei
dmsABC	+	dmsC	+	dmsABCdmsC
sroA	-	sgrR-sroA-thiBPQ	-	sroAsgrR-sroA-thiBPQ
aroKB-damX-dam-rpe-gph-trpS	-	damX-dam-rpe-gph-trpS	-	aroKB-damX-dam-rpe-gph-trpSdamX-dam-rpe-gph-trpS
aroKB-damX-dam-rpe-gph-trpS	-	dam-rpe-gph-trpS	-	aroKB-damX-dam-rpe-gph-trpSdam-rpe-gph-trpS
aroKB-damX-dam-rpe-gph-trpS	-	rpe-gph-trpS	-	aroKB-damX-dam-rpe-gph-trpSrpe-gph-trpS
aroKB-damX-dam-rpe-gph-trpS	-	trpS	-	aroKB-damX-dam-rpe-gph-trpStrpS
trkA	+	rsmB1	+	trkArsmB1
glnAZ	-	glnAZLG	-	glnAZglnAZLG
glnAZ	-	glnLG	-	glnAZglnLG
infB	-	metY-yhbC-nusA-infB-rbfA-truB-rpsO-pnp	-	infBmetY-yhbC-nusA-infB-rbfA-truB-rpsO-pnp
infB	-	rimP-nusA-infB	-	infBrimP-nusA-infB
infB	-	metY-yhbC-nusA-infB	-	infBmetY-yhbC-nusA-infB
infB	-	nusA-infB	-	infBnusA-infB
znuA	-	yebA1	-	znuAyebA1
znuA	-	znuCB	+	znuAznuCB
yfeR1	-	yfeH2	+	yfeR1yfeH2
ftsAZ	+	ftsZ	+	ftsAZftsZ
ftsAZ	+	ftsLI-murEF-mraY-murD-ftsW-murGC-ddlB-ftsQAZ-lpxC	+	ftsAZftsLI-murEF-mraY-murD-ftsW-murGC-ddlB-ftsQAZ-lpxC
ftsAZ	+	ftsQAZ	+	ftsAZftsQAZ
ftsAZ	+	stfZ	-	ftsAZstfZ
ftsAZ	+	rsmH-ftsLI-murEF-mraY-murD-ftsW-murGC-ddlB-ftsQAZ-lpxC	+	ftsAZrsmH-ftsLI-murEF-mraY-murD-ftsW-murGC-ddlB-ftsQAZ-lpxC
ftsAZ	+	mraZW-ftsLI-murEF-mraY-murD-ftsW-murGC-ddlB-ftsQAZ-lpxC	+	ftsAZmraZW-ftsLI-murEF-mraY-murD-ftsW-murGC-ddlB-ftsQAZ-lpxC
cspG1	+	cspH5	-	cspG1cspH5
gapA	+	gapA-yeaD	+	gapAgapA-yeaD
ybjS1	-	ybjQ-amiD	+	ybjS1ybjQ-amiD
ybjS1	-	poxB-ltaE-ybjT1	-	ybjS1poxB-ltaE-ybjT1
ybjS1	-	ltaE-ybjT	-	ybjS1ltaE-ybjT
mhpABCDFE	+	mhpR-lacI	-	mhpABCDFEmhpR-lacI
lptAB	+	kdsC-lptCAB	+	lptABkdsC-lptCAB
lptAB	+	lptB-rpoN-hpf-ptsN-yhbJ	+	lptABlptB-rpoN-hpf-ptsN-yhbJ
lptAB	+	rpoN-hpf-ptsN-yhbJ-npr	+	lptABrpoN-hpf-ptsN-yhbJ-npr
lptAB	+	yrbG-kdsDC-lptCAB	+	lptAByrbG-kdsDC-lptCAB
oppA	+	oppABCDF	+	oppAoppABCDF
oppA	+	oppBCDF	+	oppAoppBCDF
thrS-infC-rpmI-rplT-pheMST-ihfA	-	rplT	-	thrS-infC-rpmI-rplT-pheMST-ihfArplT
thrS-infC-rpmI-rplT-pheMST-ihfA	-	rpmI-rplT	-	thrS-infC-rpmI-rplT-pheMST-ihfArpmI-rplT
thrS-infC-rpmI-rplT-pheMST-ihfA	-	pheM	-	thrS-infC-rpmI-rplT-pheMST-ihfApheM
thrS-infC-rpmI-rplT-pheMST-ihfA	-	rplT-pheM	-	thrS-infC-rpmI-rplT-pheMST-ihfArplT-pheM
thrS-infC-rpmI-rplT-pheMST-ihfA	-	thrS-infC	-	thrS-infC-rpmI-rplT-pheMST-ihfAthrS-infC
thrS-infC-rpmI-rplT-pheMST-ihfA	-	pheMST-ihfA	-	thrS-infC-rpmI-rplT-pheMST-ihfApheMST-ihfA
thrS-infC-rpmI-rplT-pheMST-ihfA	-	infC-rpmI-rplT	-	thrS-infC-rpmI-rplT-pheMST-ihfAinfC-rpmI-rplT
thrS-infC-rpmI-rplT-pheMST-ihfA	-	ihfA	-	thrS-infC-rpmI-rplT-pheMST-ihfAihfA
thrS-infC-rpmI-rplT-pheMST-ihfA	-	infC	-	thrS-infC-rpmI-rplT-pheMST-ihfAinfC
mlc-ynfK	-	mlc	-	mlc-ynfKmlc
mlc-ynfK	-	ynfK1	-	mlc-ynfKynfK1
mlc-ynfK	-	clcB	+	mlc-ynfKclcB
ulaG	-	ulaR1	-	ulaGulaR1
yjhA	-	nanCMS	-	yjhAnanCMS
yjhA	-	nanCM	-	yjhAnanCM
pta	+	ackA-pta1	+	ptaackA-pta1
pta	+	ackA	+	ptaackA
yjaH1	+	hupA	+	yjaH1hupA
ybjQ-amiD	+	ybjP	-	ybjQ-amiDybjP
paoABCD	-	yagP	-	paoABCDyagP
prfB-lysS	-	dsbC-recJ-prfB	-	prfB-lysSdsbC-recJ-prfB
yqaE	-	yqaE-kbp	-	yqaEyqaE-kbp
yafNOP	+	dinB-yafNOP	+	yafNOPdinB-yafNOP
citR-ybdNM	-	ybdN	-	citR-ybdNMybdN
citR-ybdNM	-	ybdM1	-	citR-ybdNMybdM1
hokB	-	mokB1	-	hokBmokB1
yccE	+	cbpA-cbpM	-	yccEcbpA-cbpM
fucAO	-	fucO	-	fucAOfucO
ymgA-ariR	+	ycgZ-ymgA-ariR-ymgC	+	ymgA-ariRycgZ-ymgA-ariR-ymgC
ymgA-ariR	+	ariR	+	ymgA-ariRariR
secG-leuU	-	leuU	-	secG-leuUleuU
secG-leuU	-	secG1	-	secG-leuUsecG1
gntK	-	gntU1	-	gntKgntU1
gntK	-	gntKU	-	gntKgntKU
gntK	-	gntRKU	-	gntKgntRKU
argX-hisR-leuT-proM	+	aslB	+	argX-hisR-leuT-proMaslB
ivbL	-	ivbL-ilvBN	-	ivbLivbL-ilvBN
ivbL	-	ivbL-ilvBN-uhpABC1	-	ivbLivbL-ilvBN-uhpABC1
pstS	-	pstSCA	-	pstSpstSCA
pstS	-	pstSCAB-phoU	-	pstSpstSCAB-phoU
pstS	-	pstCAB-phoU	-	pstSpstCAB-phoU
pspBCDE	+	pspABCDE	+	pspBCDEpspABCDE
pspBCDE	+	pspE	+	pspBCDEpspE
mnmA	-	hflD-purB	-	mnmAhflD-purB
yfgA	-	ispG-sroE1	-	yfgAispG-sroE1
cvpA-purF-ubiX	-	ubiX	-	cvpA-purF-ubiXubiX
nfo	+	yeiI1	+	nfoyeiI1
yfaE1	+	nrdAB-yfaE	+	yfaE1nrdAB-yfaE
rnpB	-	garPLRK-rnpB	-	rnpBgarPLRK-rnpB
degQ	+	degQS	+	degQdegQS
yjbFGH	+	yjbEFGH	+	yjbFGHyjbEFGH
yaiX	-	yaiO1	-	yaiXyaiO1
yaiX	-	insC1CD1D1	+	yaiXinsC1CD1D1
dkgAp // dkgA	+	yqhD-dkgA	+	dkgAp // dkgAyqhD-dkgA
gatR_2	-	insE5EF5F5	+	gatR_2insE5EF5F5
yceI1	-	yceJI	-	yceI1yceJI
ecpA	-	ecpBCDE	-	ecpAecpBCDE
ygiD2	-	zupT	+	ygiD2zupT
yecM-cutC1	-	micL	-	yecM-cutC1micL
queF	+	syd1	-	queFsyd1
ybaV1	+	ppiD	+	ybaV1ppiD
yhbQ1	+	ubiT-yhbS	-	yhbQ1ubiT-yhbS
rpsLG-fusA-tufA	-	tufA	-	rpsLG-fusA-tufAtufA
rpsLG-fusA-tufA	-	fusA-tufA	-	rpsLG-fusA-tufAfusA-tufA
eno	-	pyrG-eno	-	enopyrG-eno
pstSCA	-	pstSCAB-phoU	-	pstSCApstSCAB-phoU
pstSCA	-	pstB-phoU	-	pstSCApstB-phoU
pstSCA	-	pstS	-	pstSCApstS
pstSCA	-	pstCAB-phoU	-	pstSCApstCAB-phoU
rrsG-gltW-rrlG-rrfG	-	rrfG	-	rrsG-gltW-rrlG-rrfGrrfG
dsbC-recJ-prfB	-	xerD-dsbC-recJ	-	dsbC-recJ-prfBxerD-dsbC-recJ
dsbC-recJ-prfB	-	dsbC	-	dsbC-recJ-prfBdsbC
dsbC-recJ-prfB	-	xerD1	-	dsbC-recJ-prfBxerD1
rbsDACBKR	+	yieP-hsrA	-	rbsDACBKRyieP-hsrA
ptrA	-	ptrA-recBD	-	ptrAptrA-recBD
yibA	+	rhsA-yibA	+	yibArhsA-yibA
glnW-metU-glnVX	-	metT-leuW-glnUW-metU-glnVX	-	glnW-metU-glnVXmetT-leuW-glnUW-metU-glnVX
ybgA-phr	+	phr	+	ybgA-phrphr
napFDAGHBC-ccmABCDEFGH	-	napFDAGHBC	-	napFDAGHBC-ccmABCDEFGHnapFDAGHBC
napFDAGHBC-ccmABCDEFGH	-	ccmABCDEFGH	-	napFDAGHBC-ccmABCDEFGHccmABCDEFGH
ybeZY	-	ybeZYX-lnt	-	ybeZYybeZYX-lnt
kbp	-	yqaE-kbp	-	kbpyqaE-kbp
glsB-yneG	-	sad-glsB-yneG1	-	glsB-yneGsad-glsB-yneG1
gapA	+	msrB	-	gapAmsrB
sdaCB	+	ygdG1	+	sdaCBygdG1
ftsZ	+	ftsLI-murEF-mraY-murD-ftsW-murGC-ddlB-ftsQAZ-lpxC	+	ftsZftsLI-murEF-mraY-murD-ftsW-murGC-ddlB-ftsQAZ-lpxC
ftsZ	+	ftsQAZ	+	ftsZftsQAZ
ftsZ	+	stfZ	-	ftsZstfZ
ftsZ	+	rsmH-ftsLI-murEF-mraY-murD-ftsW-murGC-ddlB-ftsQAZ-lpxC	+	ftsZrsmH-ftsLI-murEF-mraY-murD-ftsW-murGC-ddlB-ftsQAZ-lpxC
ftsZ	+	mraZW-ftsLI-murEF-mraY-murD-ftsW-murGC-ddlB-ftsQAZ-lpxC	+	ftsZmraZW-ftsLI-murEF-mraY-murD-ftsW-murGC-ddlB-ftsQAZ-lpxC
pldA	+	recQ	+	pldArecQ
intD1	-	exoD	-	intD1exoD
yliI	+	gstB	-	yliIgstB
yaiY1	-	yaiZ	+	yaiY1yaiZ
wecH	+	ysaB1	-	wecHysaB1
fixABCX	+	yaaU	+	fixABCXyaaU
rcnAB	+	rcnR	-	rcnABrcnR
rcnAB	+	rcnB1	+	rcnABrcnB1
insB7	+	insA-71	+	insB7insA-71
ymfK	-	ymfJ3	-	ymfKymfJ3
glpQ	-	glpTQ	-	glpQglpTQ
ybiO1	-	ybiN	+	ybiO1ybiN
dapE-ypfN	+	yffB-dapE-ypfN	+	dapE-ypfNyffB-dapE-ypfN
epd-pgk-fbaA	-	epd-pgk	-	epd-pgk-fbaAepd-pgk
epd-pgk-fbaA	-	pgk-fbaA	-	epd-pgk-fbaApgk-fbaA
epd-pgk-fbaA	-	pgk	-	epd-pgk-fbaApgk
yzcX	+	cyaY1	-	yzcXcyaY1
focA-pflB	-	pflB	-	focA-pflBpflB
ampC	-	frdABCD	-	ampCfrdABCD
ypjD1	+	ffh	-	ypjD1ffh
ydfV	+	relBE-hokD	-	ydfVrelBE-hokD
rdlD	+	ldrD	-	rdlDldrD
yciCB	-	yciA1	-	yciCByciA1
hisS	-	yfgM	-	hisSyfgM
hisS	-	ispG-sroE1	-	hisSispG-sroE1
cadBA	-	cadA	-	cadBAcadA
mhpR-lacI	-	lacI	-	mhpR-lacIlacI
dicB-ydfDE-insD-intQ	+	ydfABC-dicFB-ydfD	+	dicB-ydfDE-insD-intQydfABC-dicFB-ydfD
metY-yhbC-nusA-infB-rbfA-truB-rpsO-pnp	-	rimP-nusA-infB	-	metY-yhbC-nusA-infB-rbfA-truB-rpsO-pnprimP-nusA-infB
metY-yhbC-nusA-infB-rbfA-truB-rpsO-pnp	-	pnp	-	metY-yhbC-nusA-infB-rbfA-truB-rpsO-pnppnp
metY-yhbC-nusA-infB-rbfA-truB-rpsO-pnp	-	sraG	+	metY-yhbC-nusA-infB-rbfA-truB-rpsO-pnpsraG
metY-yhbC-nusA-infB-rbfA-truB-rpsO-pnp	-	metY-yhbC-nusA-infB	-	metY-yhbC-nusA-infB-rbfA-truB-rpsO-pnpmetY-yhbC-nusA-infB
metY-yhbC-nusA-infB-rbfA-truB-rpsO-pnp	-	rpsO	-	metY-yhbC-nusA-infB-rbfA-truB-rpsO-pnprpsO
metY-yhbC-nusA-infB-rbfA-truB-rpsO-pnp	-	nlpI1	-	metY-yhbC-nusA-infB-rbfA-truB-rpsO-pnpnlpI1
metY-yhbC-nusA-infB-rbfA-truB-rpsO-pnp	-	nusA-infB	-	metY-yhbC-nusA-infB-rbfA-truB-rpsO-pnpnusA-infB
metY-yhbC-nusA-infB-rbfA-truB-rpsO-pnp	-	metY	-	metY-yhbC-nusA-infB-rbfA-truB-rpsO-pnpmetY
metY-yhbC-nusA-infB-rbfA-truB-rpsO-pnp	-	rpsO-pnp	-	metY-yhbC-nusA-infB-rbfA-truB-rpsO-pnprpsO-pnp
pabA	-	yhfG-fic-pabA	-	pabAyhfG-fic-pabA
alaA-yfbR1	+	alaA	+	alaA-yfbR1alaA
alaA-yfbR1	+	yfbR	+	alaA-yfbR1yfbR
gadEF	+	gadEF-mdtEF	+	gadEFgadEF-mdtEF
gadEF	+	gadE-mdtEF	+	gadEFgadE-mdtEF
fkpA	-	slyX1	+	fkpAslyX1
dapD	-	map-glnD-dapD	-	dapDmap-glnD-dapD
deaD1	-	yrbN-deaD	-	deaD1yrbN-deaD
arcA	-	yjjY1	+	arcAyjjY1
arcA	-	creABCD	+	arcAcreABCD
arcA	-	creD	+	arcAcreD
tyrP	+	yecH1	-	tyrPyecH1
gpmM-envC-yibQ	+	yibN1	-	gpmM-envC-yibQyibN1
gpmM-envC-yibQ	+	yibD	-	gpmM-envC-yibQyibD
gpmM-envC-yibQ	+	yibN-grxC-secB-gpsA	-	gpmM-envC-yibQyibN-grxC-secB-gpsA
gadAX	-	gadY	+	gadAXgadY
gadAX	-	gadXW	-	gadAXgadXW
mdtL	+	yidZ	+	mdtLyidZ
rpsA-ihfB	+	ycaI-msbA-lpxK-ycaQ1	+	rpsA-ihfBycaI-msbA-lpxK-ycaQ1
rpsA-ihfB	+	cmk-rpsA	+	rpsA-ihfBcmk-rpsA
rpsA-ihfB	+	ihfB	+	rpsA-ihfBihfB
aroF-tyrA	-	pheLA	+	aroF-tyrApheLA
pyrG-eno	-	eno	-	pyrG-enoeno
crr	+	ptsHI-crr	+	crrptsHI-crr
yggM1	-	ansB	-	yggM1ansB
nuoABCEFGHIJKLMN	-	nuoMN	-	nuoABCEFGHIJKLMNnuoMN
nfuA	+	gntXY	+	nfuAgntXY
rhtB	-	pldB-yigL1	+	rhtBpldB-yigL1
hisBHAFI	+	hisLGDCBHAFI	+	hisBHAFIhisLGDCBHAFI
rfaZ-waaU	-	rfaQGPSBIJYZ-waaU	-	rfaZ-waaUrfaQGPSBIJYZ-waaU
rfaZ-waaU	-	rfaYZ	-	rfaZ-waaUrfaYZ
rfaZ-waaU	-	rirA-rfaQGPSBIJYZ-waaU	-	rfaZ-waaUrirA-rfaQGPSBIJYZ-waaU
dksA-yadB	-	pcnB-folk	-	dksA-yadBpcnB-folk
dksA-yadB	-	dksA-gluQ	-	dksA-yadBdksA-gluQ
dksA-yadB	-	sfsA-dksA	-	dksA-yadBsfsA-dksA
ubiX	-	cvpA-purF-ubiX	-	ubiXcvpA-purF-ubiX
ptsHI-crr	+	crr	+	ptsHI-crrcrr
nei	+	ybgIJKL-nei	+	neiybgIJKL-nei
flhDC	-	asflhD	+	flhDCasflhD
flhDC	-	motRAB-cheAW	-	flhDCmotRAB-cheAW
glgCAP	-	glgAP	-	glgCAPglgAP
glgCAP	-	glgBXCAP	-	glgCAPglgBXCAP
nmpC	-	insH-21	-	nmpCinsH-21
mglBAC	-	mglAC	-	mglBACmglAC
bglG	-	bglGFB	-	bglGbglGFB
yidL	+	glvCBG-ysdC	-	yidLglvCBG-ysdC
ispDF	-	truD	-	ispDFtruD
rrsE-gltV-rrlE-rrfE	+	rrlE-rrfE	+	rrsE-gltV-rrlE-rrfErrlE-rrfE
rrsE-gltV-rrlE-rrfE	+	yjaA2	+	rrsE-gltV-rrlE-rrfEyjaA2
nuoMN	-	nuoABCEFGHIJKLMN	-	nuoMNnuoABCEFGHIJKLMN
exbD	-	exbBD	-	exbDexbBD
rseD-rpoE-rseABC	-	rpoE-rseABC	-	rseD-rpoE-rseABCrpoE-rseABC
rseD-rpoE-rseABC	-	rseABC	-	rseD-rpoE-rseABCrseABC
ffs1	+	ybaZ	-	ffs1ybaZ
clpB	-	ryfD	-	clpBryfD
napFDAGHBC	-	napFDAGHBC-ccmABCDEFGH	-	napFDAGHBCnapFDAGHBC-ccmABCDEFGH
napFDAGHBC	-	ccmABCDEFGH	-	napFDAGHBCccmABCDEFGH
ymdA	+	csgC	+	ymdAcsgC
ymdA	+	csgBAC	+	ymdAcsgBAC
ymdA	+	ymdAB-clsC	+	ymdAymdAB-clsC
ymdA	+	ymdAB	+	ymdAymdAB
mlc	-	mlc-ynfK	-	mlcmlc-ynfK
acpT	+	nikABCDER	+	acpTnikABCDER
aaeXAB	-	yhcO1	-	aaeXAByhcO1
norR1	-	norR	-	norR1norR
norR1	-	srlAEBD-gutM-srlR-gutQ	+	norR1srlAEBD-gutM-srlR-gutQ
lacYA	-	lacZYA	-	lacYAlacZYA
lacYA	-	cynTSX	+	lacYAcynTSX
yhhQ1	+	dcrB1	+	yhhQ1dcrB1
manXYZ	+	manXYZ-yobD	+	manXYZmanXYZ-yobD
yggE	-	argO	-	yggEargO
ydfABC-dicFB-ydfD	+	dicF	+	ydfABC-dicFB-ydfDdicF
ydfABC-dicFB-ydfD	+	ydfABC	+	ydfABC-dicFB-ydfDydfABC
yohO1	+	osmF-yehYXW	-	yohO1osmF-yehYXW
yohO1	+	mlrA	+	yohO1mlrA
yohO1	+	osmF-yehYXW1	-	yohO1osmF-yehYXW1
yihW	+	yihV-csqR	+	yihWyihV-csqR
csgC	+	csgBAC	+	csgCcsgBAC
csgC	+	ymdAB-clsC	+	csgCymdAB-clsC
csgC	+	ymdAB	+	csgCymdAB
hdeAB-yhiD	-	yhiD1	-	hdeAB-yhiDyhiD1
dcuR	-	dcuSR	-	dcuRdcuSR
ycbZ1	-	matP	+	ycbZ1matP
ppdAB-ygdB-ppdC-recC	-	recC	-	ppdAB-ygdB-ppdC-recCrecC
fepA-entD1	-	fepA-entD	-	fepA-entD1fepA-entD
allB	+	ybbY-glxK	+	allBybbY-glxK
allB	+	gcl-hyi-glxR-ybbVW-allB-ybbY-glxK	+	allBgcl-hyi-glxR-ybbVW-allB-ybbY-glxK
aroL-yaiA-aroM	+	aroM	+	aroL-yaiA-aroMaroM
aroL-yaiA-aroM	+	yaiA-aroM	+	aroL-yaiA-aroMyaiA-aroM
lgt	-	lgt-thyA	-	lgtlgt-thyA
lgt	-	thyA	-	lgtthyA
rrlA-rrfA	+	rrsA-ileT-alaT-rrlA-rrfA	+	rrlA-rrfArrsA-ileT-alaT-rrlA-rrfA
ygbE1	-	cysDNC	-	ygbE1cysDNC
insC2D2CD2	-	ydbA	+	insC2D2CD2ydbA
atpBEFHAGDC	-	atpIBEFHAGDC	-	atpBEFHAGDCatpIBEFHAGDC
yjcO1	-	fdhF	-	yjcO1fdhF
nagBACD	-	nagC	-	nagBACDnagC
nagBACD	-	umpH	-	nagBACDumpH
gabDTP	+	csiD-ygaF-gabDTP	+	gabDTPcsiD-ygaF-gabDTP
mltF	+	pgpC-tadA	-	mltFpgpC-tadA
ydiL	+	ydiM1	+	ydiLydiM1
ryfA1	+	sseB	-	ryfA1sseB
hofQ	-	hofMNOP	-	hofQhofMNOP
talA-tktB	+	talA	+	talA-tktBtalA
talA-tktB	+	tktB	+	talA-tktBtktB
ycgZ1	+	ycgZ-ymgA-ariR-ymgC	+	ycgZ1ycgZ-ymgA-ariR-ymgC
argF	-	argF-xynR1	-	argFargF-xynR1
pspF	-	pspABCDE	+	pspFpspABCDE
dfp	+	dut-slmA	+	dfpdut-slmA
ribE-nusB-thiL-pgpA	+	nrdR-ribDE-nusB-thiL-pgpA	+	ribE-nusB-thiL-pgpAnrdR-ribDE-nusB-thiL-pgpA
yegI1	-	yegJ2	+	yegI1yegJ2
yegI2	-	yegJ1	+	yegI2yegJ1
yneK2	+	yneJ1	+	yneK2yneJ1
xapR	-	valUXY-lysV	+	xapRvalUXY-lysV
sokC	+	mokC-hokC	-	sokCmokC-hokC
safA-ydeO	-	ydeO	-	safA-ydeOydeO
asflhD	+	flhDC	-	asflhDflhDC
valS	-	holC-valS	-	valSholC-valS
valS	-	holC1	-	valSholC1
nanA	-	nanATEK-yhcH	-	nanAnanATEK-yhcH
slyA2	-	ydhIJK	+	slyA2ydhIJK
map-glnD-dapD	-	glnD	-	map-glnD-dapDglnD
araE-ygeA	-	lysR	+	araE-ygeAlysR
araE-ygeA	-	araE	-	araE-ygeAaraE
araE-ygeA	-	ygeA1	-	araE-ygeAygeA1
nemRA	+	nemA	+	nemRAnemA
nemRA	+	ydhM	+	nemRAydhM
nemRA	+	nemRA-gloA	+	nemRAnemRA-gloA
ybhA2	-	pgl1	+	ybhA2pgl1
pqiABC	+	rlmL-uup	+	pqiABCrlmL-uup
pqiABC	+	ymbA	+	pqiABCymbA
yafZ	-	ykfA-yafZ	-	yafZykfA-yafZ
mazEF	-	mazEFG	-	mazEFmazEFG
mazEF	-	relA-mazEF	-	mazEFrelA-mazEF
mazEF	-	ameF	+	mazEFameF
ybdF1	-	ybdJ2	-	ybdF1ybdJ2
sraA	-	clpPX	+	sraAclpPX
sraA	-	clpX-lon	+	sraAclpX-lon
msrPQ	+	hiuH-msrPQ	+	msrPQhiuH-msrPQ
ybdN	-	ybdM1	-	ybdNybdM1
ycaI-msbA-lpxK-ycaQ1	+	rpsA-ihfB	+	ycaI-msbA-lpxK-ycaQ1rpsA-ihfB
ycaI-msbA-lpxK-ycaQ1	+	ihfB	+	ycaI-msbA-lpxK-ycaQ1ihfB
yegX1	-	thiMD	-	yegX1thiMD
yicG	+	ligB1	-	yicGligB1
wzbc	-	wza-wzb-wzc-wcaAB	-	wzbcwza-wzb-wzc-wcaAB
carB	+	carAB	+	carBcarAB
uspC1	+	otsA	-	uspC1otsA
uspC1	+	otsBA	-	uspC1otsBA
ftsLI-murEF-mraY-murD-ftsW-murGC-ddlB-ftsQAZ-lpxC	+	ftsQ	+	ftsLI-murEF-mraY-murD-ftsW-murGC-ddlB-ftsQAZ-lpxCftsQ
ftsLI-murEF-mraY-murD-ftsW-murGC-ddlB-ftsQAZ-lpxC	+	ftsQAZ	+	ftsLI-murEF-mraY-murD-ftsW-murGC-ddlB-ftsQAZ-lpxCftsQAZ
ftsLI-murEF-mraY-murD-ftsW-murGC-ddlB-ftsQAZ-lpxC	+	stfZ	-	ftsLI-murEF-mraY-murD-ftsW-murGC-ddlB-ftsQAZ-lpxCstfZ
ftsLI-murEF-mraY-murD-ftsW-murGC-ddlB-ftsQAZ-lpxC	+	lpxC	+	ftsLI-murEF-mraY-murD-ftsW-murGC-ddlB-ftsQAZ-lpxClpxC
ftsLI-murEF-mraY-murD-ftsW-murGC-ddlB-ftsQAZ-lpxC	+	rsmH-ftsLI-murEF-mraY-murD-ftsW-murGC-ddlB-ftsQAZ-lpxC	+	ftsLI-murEF-mraY-murD-ftsW-murGC-ddlB-ftsQAZ-lpxCrsmH-ftsLI-murEF-mraY-murD-ftsW-murGC-ddlB-ftsQAZ-lpxC
ftsLI-murEF-mraY-murD-ftsW-murGC-ddlB-ftsQAZ-lpxC	+	mraZW-ftsLI-murEF-mraY-murD-ftsW-murGC-ddlB-ftsQAZ-lpxC	+	ftsLI-murEF-mraY-murD-ftsW-murGC-ddlB-ftsQAZ-lpxCmraZW-ftsLI-murEF-mraY-murD-ftsW-murGC-ddlB-ftsQAZ-lpxC
ybhD1	-	ybhH2	+	ybhD1ybhH2
ybhD2	-	ybhH1	+	ybhD2ybhH1
trpLEDCBA	-	trpCBA	-	trpLEDCBAtrpCBA
trpLEDCBA	-	trpL	-	trpLEDCBAtrpL
uxaB1	-	uxaB	-	uxaB1uxaB
gnsA	+	ymcE-gnsA1	+	gnsAymcE-gnsA1
leuU	-	secG1	-	leuUsecG1
leuU	-	secG-leuU	-	leuUsecG-leuU
yhfK	+	crp	+	yhfKcrp
cbpA-cbpM	-	cbpAM	-	cbpA-cbpMcbpAM
ymfJ2	-	ymfI1	+	ymfJ2ymfI1
tesB	-	glnK-amtB	+	tesBglnK-amtB
tyrS-pdxY	-	pdxY	-	tyrS-pdxYpdxY
tyrS-pdxY	-	pdxH-tyrS-pdxY	-	tyrS-pdxYpdxH-tyrS-pdxY
xseA	+	yfgJ	-	xseAyfgJ
aroM	+	yaiA-aroM	+	aroMyaiA-aroM
aroM	+	aroL-yaiA-aroM	+	aroMaroL-yaiA-aroM
leuLABCD	-	leuL	-	leuLABCDleuL
rsmB1	+	def-fmt	+	rsmB1def-fmt
caiCDE	-	caiTABCDE	-	caiCDEcaiTABCDE
chaC	+	chaBC	+	chaCchaBC
argE	-	argCBH	+	argEargCBH
amiC2	-	argA	+	amiC2argA
yfiM1	+	pssA	+	yfiM1pssA
yfiM1	+	kgtP1	-	yfiM1kgtP1
yobA-yebZY	-	sdsR-pphA	-	yobA-yebZYsdsR-pphA
trkG1	+	ynaK-ydaY2	+	trkG1ynaK-ydaY2
asnU	+	yeeO2	-	asnUyeeO2
asnU	+	cbl	-	asnUcbl
yceD-rpmF	+	sraB	+	yceD-rpmFsraB
yceD-rpmF	+	rpmF-plsX-fabHDG	+	yceD-rpmFrpmF-plsX-fabHDG
yceD-rpmF	+	yceF3	-	yceD-rpmFyceF3
mdtEF	+	gadEF-mdtEF	+	mdtEFgadEF-mdtEF
mdtEF	+	gadE-mdtEF	+	mdtEFgadE-mdtEF
epd-pgk	-	epd-pgk-fbaA	-	epd-pgkepd-pgk-fbaA
epd-pgk	-	pgk-fbaA	-	epd-pgkpgk-fbaA
epd-pgk	-	pgk	-	epd-pgkpgk
rpoBC	+	rplKAJL-rpoBC	+	rpoBCrplKAJL-rpoBC
rpoBC	+	rplJL-rpoBC	+	rpoBCrplJL-rpoBC
fepDGC	-	fes-ybdZ-entF-fepE	+	fepDGCfes-ybdZ-entF-fepE
ilvY	-	ilvEDA	+	ilvYilvEDA
ilvY	-	ilvLXG_1G_2MEDA	+	ilvYilvLXG_1G_2MEDA
yghT1	+	yghSR	-	yghT1yghSR
talA	+	talA-tktB	+	talAtalA-tktB
talA	+	tktB	+	talAtktB
yecH1	-	tyrP	+	yecH1tyrP
fliDST	+	amyA	+	fliDSTamyA
hslJ	-	ydbJ	+	hslJydbJ
yefM-yoeB	-	yeeZ1	-	yefM-yoeByeeZ1
mtlADR	+	yibT1	-	mtlADRyibT1
cbrA1	+	yidR1	-	cbrA1yidR1
cbrA1	+	dgoRKADT	-	cbrA1dgoRKADT
ycjMNOPQRSTUV-ymjB-ompG	+	ompG	+	ycjMNOPQRSTUV-ymjB-ompGompG
dgkA	+	plsB	-	dgkAplsB
pflB	-	focA-pflB	-	pflBfocA-pflB
kdsC-lptCAB	+	lptB-rpoN-hpf-ptsN-yhbJ	+	kdsC-lptCABlptB-rpoN-hpf-ptsN-yhbJ
kdsC-lptCAB	+	lptAB	+	kdsC-lptCABlptAB
kdsC-lptCAB	+	rpoN-hpf-ptsN-yhbJ-npr	+	kdsC-lptCABrpoN-hpf-ptsN-yhbJ-npr
kdsC-lptCAB	+	yrbG-kdsDC-lptCAB	+	kdsC-lptCAByrbG-kdsDC-lptCAB
kdsC-lptCAB	+	yrbG-kdsD	+	kdsC-lptCAByrbG-kdsD
cbpAM	-	cbpA-cbpM	-	cbpAMcbpA-cbpM
gadEF	+	arrS	-	gadEFarrS
dnaKJ	+	tpke11	+	dnaKJtpke11
ybeD-lipB	-	ybeD1	-	ybeD-lipBybeD1
ybeD-lipB	-	lipB1	-	ybeD-lipBlipB1
pcnB-folk	-	dksA-gluQ	-	pcnB-folkdksA-gluQ
ompN	-	ydbK-ompN	-	ompNydbK-ompN
thrU-tyrU-glyT-thrT-tufB	+	secE-nusG	+	thrU-tyrU-glyT-thrT-tufBsecE-nusG
acnA	+	ymiA-yciX	+	acnAymiA-yciX
ahpCF	+	ahpF	+	ahpCFahpF
chiZPQ	+	chiQ	+	chiZPQchiQ
ycgR	-	ymgE1	+	ycgRymgE1
elbB-mtgA	-	yrbL	+	elbB-mtgAyrbL
insMI3	-	insN-2	+	insMI3insN-2
pstSCAB-phoU	-	pstB-phoU	-	pstSCAB-phoUpstB-phoU
pstSCAB-phoU	-	pstS	-	pstSCAB-phoUpstS
pstSCAB-phoU	-	pstCAB-phoU	-	pstSCAB-phoUpstCAB-phoU
pstSCAB-phoU	-	phoU	-	pstSCAB-phoUphoU
gcvA	-	ygdD1	-	gcvAygdD1
yjbEFGH	+	yjbE	+	yjbEFGHyjbE
metH	+	iclR	-	metHiclR
kefGB-yheV	-	slyD1	-	kefGB-yheVslyD1
rpoE-rseABC	-	rseABC	-	rpoE-rseABCrseABC
rpoE-rseABC	-	rseD-rpoE-rseABC	-	rpoE-rseABCrseD-rpoE-rseABC
pdxI1	+	ydbD	+	pdxI1ydbD
mrcA	+	hofMNOP	-	mrcAhofMNOP
rpmBG	-	rpmBG-mutM	-	rpmBGrpmBG-mutM
rpmBG	-	mutM1	-	rpmBGmutM1
rpmBG	-	yicR-rpmBG	-	rpmBGyicR-rpmBG
rpmBG	-	yicR-rpmBG-mutM	-	rpmBGyicR-rpmBG-mutM
nlpC2	-	btuD	-	nlpC2btuD
nlpC2	-	btuCED	-	nlpC2btuCED
umpG-pcm	-	truD	-	umpG-pcmtruD
lacZYA	-	cynTSX	+	lacZYAcynTSX
ompR-envZ	-	greB2	+	ompR-envZgreB2
gor	+	rlmJ	+	gorrlmJ
rsmG1	-	mnmG-rsmG	-	rsmG1mnmG-rsmG
rsmG1	-	asnC-mioC-mnmG	-	rsmG1asnC-mioC-mnmG
rne	-	yceQ1	+	rneyceQ1
acpP	+	fabG-acpP	+	acpPfabG-acpP
acpP	+	fabDG-acpP	+	acpPfabDG-acpP
acpP	+	acpP-fabF	+	acpPacpP-fabF
yfdX	-	frc	-	yfdXfrc
yfdX	-	oxc1	-	yfdXoxc1
rsxABCDGE-nth	+	ydgK-rsxABCDGE-nth	+	rsxABCDGE-nthydgK-rsxABCDGE-nth
yjgD	+	rraB	+	yjgDrraB
ybiX1	-	fiu	-	ybiX1fiu
tesA-ybbO	-	ybbN	-	tesA-ybbOybbN
tesA-ybbO	-	ybbAP	+	tesA-ybbOybbAP
fabF	+	pabC-mltG-tmk-holB-ycfH3	+	fabFpabC-mltG-tmk-holB-ycfH3
fabF	+	acpP-fabF	+	fabFacpP-fabF
tsaE-amiB-mutL-miaA-hfq-hflXKC	+	mutL-miaA-hfq-hflXKC	+	tsaE-amiB-mutL-miaA-hfq-hflXKCmutL-miaA-hfq-hflXKC
tsaE-amiB-mutL-miaA-hfq-hflXKC	+	yjeFE-amiB-mutL-miaA-hfq-hflXKC	+	tsaE-amiB-mutL-miaA-hfq-hflXKCyjeFE-amiB-mutL-miaA-hfq-hflXKC
tsaE-amiB-mutL-miaA-hfq-hflXKC	+	hfq-hflXKC	+	tsaE-amiB-mutL-miaA-hfq-hflXKChfq-hflXKC
tsaE-amiB-mutL-miaA-hfq-hflXKC	+	miaA-hfq-hflXKC	+	tsaE-amiB-mutL-miaA-hfq-hflXKCmiaA-hfq-hflXKC
tsaE-amiB-mutL-miaA-hfq-hflXKC	+	hfq-hflXKC1	+	tsaE-amiB-mutL-miaA-hfq-hflXKChfq-hflXKC1
ldrC1	-	rdlC1	+	ldrC1rdlC1
ycgZ-ymgA-ariR-ymgC	+	ariR	+	ycgZ-ymgA-ariR-ymgCariR
ycgZ-ymgA-ariR-ymgC	+	ymgC	+	ycgZ-ymgA-ariR-ymgCymgC
uppS-cdsA	+	dxr-uppS-cdsA1	+	uppS-cdsAdxr-uppS-cdsA1
uppS-cdsA	+	rseP	+	uppS-cdsArseP
uppS-cdsA	+	cdsA1	+	uppS-cdsAcdsA1
rph-pyrE	-	rph	-	rph-pyrErph
macB1	+	macAB	+	macB1macAB
csrA	-	csrAp3 // csrA	-	csrAcsrAp3 // csrA
micA	+	luxS	-	micAluxS
insH-51	-	stfR-tfaR	+	insH-51stfR-tfaR
insH-51	-	ynaA-lomR	+	insH-51ynaA-lomR
recAX	-	recA	-	recAXrecA
aspS	-	nudB-yebC-ruvC	-	aspSnudB-yebC-ruvC
tcyJ	-	fliAZY	-	tcyJfliAZY
thrLABC	+	thrL	+	thrLABCthrL
thrLABC	+	yaaX1	+	thrLABCyaaX1
malY	+	malXY	+	malYmalXY
ymdB	+	clsC	+	ymdBclsC
ymdB	+	ymdB-clsC	+	ymdBymdB-clsC
yeaP	+	yoaF1	-	yeaPyoaF1
dacB1	+	greA	-	dacB1greA
phoA-psiF	+	psiF	+	phoA-psiFpsiF
ygiV1	-	ygiW2	-	ygiV1ygiW2
ygiV2	-	ygiW1	-	ygiV2ygiW1
rpmBG-mutM	-	mutM	-	rpmBG-mutMmutM
rpmBG-mutM	-	mutM1	-	rpmBG-mutMmutM1
rpmBG-mutM	-	yicR-rpmBG	-	rpmBG-mutMyicR-rpmBG
rpmBG-mutM	-	yicR-rpmBG-mutM	-	rpmBG-mutMyicR-rpmBG-mutM
bioP	+	metR	-	bioPmetR
dmsC	+	dmsABC	+	dmsCdmsABC
nlpD-rpoS	-	rpoS	-	nlpD-rpoSrpoS
ldcA1	-	emtA1	+	ldcA1emtA1
sra	-	bdm-sra	-	srabdm-sra
csrAp3 // csrA	-	csrA	-	csrAp3 // csrAcsrA
nanXY	+	nanY	+	nanXYnanY
chiX	+	ybaP1	-	chiXybaP1
yhhN1	+	yhhM2	-	yhhN1yhhM2
yhhN2	+	yhhM1	-	yhhN2yhhM1
ascB	+	ascFB	+	ascBascFB
otsA	-	otsBA	-	otsAotsBA
yfgM	-	bamB-der	-	yfgMbamB-der
asnC	-	asnC-mioC	-	asnCasnC-mioC
asnC	-	asnC-mioC-mnmG	-	asnCasnC-mioC-mnmG
rpoS	-	nlpD-rpoS	-	rpoSnlpD-rpoS
mutY-yggX	+	yggX-mltC-nupG	+	mutY-yggXyggX-mltC-nupG
mutY-yggX	+	mutY-yggX-mltC	+	mutY-yggXmutY-yggX-mltC
mutY-yggX	+	yggX-mltC	+	mutY-yggXyggX-mltC
mutY-yggX	+	yggX	+	mutY-yggXyggX
mutY-yggX	+	mutY-yggX-mltC-nupG	+	mutY-yggXmutY-yggX-mltC-nupG
damX-dam-rpe-gph-trpS	-	dam-rpe-gph-trpS	-	damX-dam-rpe-gph-trpSdam-rpe-gph-trpS
damX-dam-rpe-gph-trpS	-	rpe-gph-trpS	-	damX-dam-rpe-gph-trpSrpe-gph-trpS
damX-dam-rpe-gph-trpS	-	trpS	-	damX-dam-rpe-gph-trpStrpS
damX-dam-rpe-gph-trpS	-	aroKB-damX-dam-rpe-gph-trpS	-	damX-dam-rpe-gph-trpSaroKB-damX-dam-rpe-gph-trpS
rapA	-	hepA	-	rapAhepA
rapA	-	rapA-rluA	-	rapArapA-rluA
rapA	-	polB	-	rapApolB
yfaVU	-	yfaXWVU	-	yfaVUyfaXWVU
btuD	-	btuCED	-	btuDbtuCED
yeiR-lpxT1	+	lpxT	+	yeiR-lpxT1lpxT
yhdJ1	+	dusB-fis	+	yhdJ1dusB-fis
ybaN3	+	priC-ybaM	-	ybaN3priC-ybaM
aes	-	hemH	+	aeshemH
aes	-	gsk	+	aesgsk
ybaQ	+	ybaP1	-	ybaQybaP1
nudG1	+	ynjH	-	nudG1ynjH
sdiA	-	sdiA1	-	sdiAsdiA1
sdiA	-	sdsN	+	sdiAsdsN
rtcR	+	glpEGR	-	rtcRglpEGR
rtcR	+	glpR	-	rtcRglpR
rtcR	+	glpGR	-	rtcRglpGR
yfbO2	+	yfbN1	-	yfbO2yfbN1
yfbO3	+	yfbN2	-	yfbO3yfbN2
yfbO3	+	yfbP1	+	yfbO3yfbP1
yqeF2	-	yqeG1	+	yqeF2yqeG1
rimP-nusA-infB	-	metY-yhbC-nusA-infB	-	rimP-nusA-infBmetY-yhbC-nusA-infB
rimP-nusA-infB	-	metY-yhbC-nusA-infB-rbfA-truB-rpsO-pnp	-	rimP-nusA-infBmetY-yhbC-nusA-infB-rbfA-truB-rpsO-pnp
rimP-nusA-infB	-	nusA-infB	-	rimP-nusA-infBnusA-infB
rimP-nusA-infB	-	metY	-	rimP-nusA-infBmetY
moaBCDE	+	moaABCDE	+	moaBCDEmoaABCDE
yfiR-dgcN-yfiB	+	rpsP-rimM-trmD-rplS	-	yfiR-dgcN-yfiBrpsP-rimM-trmD-rplS
yfiR-dgcN-yfiB	+	yfiRN	+	yfiR-dgcN-yfiByfiRN
pdhR-aceEF-lpdA	+	aceEF	+	pdhR-aceEF-lpdAaceEF
pdhR-aceEF-lpdA	+	lpdA	+	pdhR-aceEF-lpdAlpdA
nrdG	-	nrdDG	-	nrdGnrdDG
leuL	-	leuLABCD	-	leuLleuLABCD
rhtC1	+	recQ	+	rhtC1recQ
mnmG-rsmG	-	asnC-mioC-mnmG	-	mnmG-rsmGasnC-mioC-mnmG
fucR	+	fucPIKUR	+	fucRfucPIKUR
alsRBACE	-	alsK1	-	alsRBACEalsK1
alsRBACE	-	alsBACE	-	alsRBACEalsBACE
ilvEDA	+	ilvLXG_1G_2MEDA	+	ilvEDAilvLXG_1G_2MEDA
ilvEDA	+	ilvA	+	ilvEDAilvA
hisLGDCBHAFI	+	hisL	+	hisLGDCBHAFIhisL
cmk-rpsA	+	rpsA-ihfB	+	cmk-rpsArpsA-ihfB
ydhYVW	-	ydhYVWXUT	-	ydhYVWydhYVWXUT
yhbY	+	rlmE-ftsH	-	yhbYrlmE-ftsH
tig1	+	tig	+	tig1tig
rnc-era-recO-pdxJ-acpS	-	rnc-era	-	rnc-era-recO-pdxJ-acpSrnc-era
rnc-era-recO-pdxJ-acpS	-	pdxJ-acpS	-	rnc-era-recO-pdxJ-acpSpdxJ-acpS
tdcBCDEFG	-	tdcABCDEFG	-	tdcBCDEFGtdcABCDEFG
ftsQAZ	+	stfZ	-	ftsQAZstfZ
ftsQAZ	+	rsmH-ftsLI-murEF-mraY-murD-ftsW-murGC-ddlB-ftsQAZ-lpxC	+	ftsQAZrsmH-ftsLI-murEF-mraY-murD-ftsW-murGC-ddlB-ftsQAZ-lpxC
ftsQAZ	+	ftsZ	+	ftsQAZftsZ
ftsQAZ	+	mraZW-ftsLI-murEF-mraY-murD-ftsW-murGC-ddlB-ftsQAZ-lpxC	+	ftsQAZmraZW-ftsLI-murEF-mraY-murD-ftsW-murGC-ddlB-ftsQAZ-lpxC
ftsQAZ	+	ftsLI-murEF-mraY-murD-ftsW-murGC-ddlB-ftsQAZ-lpxC	+	ftsQAZftsLI-murEF-mraY-murD-ftsW-murGC-ddlB-ftsQAZ-lpxC
relBE-hokD	-	relBE	-	relBE-hokDrelBE
relBE-hokD	-	hokD	-	relBE-hokDhokD
sraB	+	yceF1	-	sraByceF1
hypABCDE-fhlA	+	hypBCDE-fhlA	+	hypABCDE-fhlAhypBCDE-fhlA
hypABCDE-fhlA	+	hypBCDE	+	hypABCDE-fhlAhypBCDE
hypABCDE-fhlA	+	hypABCDE	+	hypABCDE-fhlAhypABCDE
purR	+	ydhB1	-	purRydhB1
glgAP	-	glgCAP	-	glgAPglgCAP
glgAP	-	glgBXCAP	-	glgAPglgBXCAP
yhhX1	-	ryhB	-	yhhX1ryhB
topA	+	yciN1	-	topAyciN1
yqeC1	-	mocA1	+	yqeC1mocA1
yjfIJ	+	nsrR-rnr-rlmB-yjfI	+	yjfIJnsrR-rnr-rlmB-yjfI
yceH1	+	rimJ	+	yceH1rimJ
deoBD	+	deoCABD	+	deoBDdeoCABD
deoBD	+	yjjJ2	+	deoBDyjjJ2
deoBD	+	deoABD	+	deoBDdeoABD
dnaB	+	alr	+	dnaBalr
dnaB	+	qorA	-	dnaBqorA
yhgF1	+	greB1	+	yhgF1greB1
citT2	-	citCDEFXG	-	citT2citCDEFXG
yibN1	-	yibN-grxC-secB-gpsA	-	yibN1yibN-grxC-secB-gpsA
recF	-	dnaN-recF	-	recFdnaN-recF
recF	-	dnaAN-recF	-	recFdnaAN-recF
recF	-	gyrB	-	recFgyrB
narUZYWV	-	narU	-	narUZYWVnarU
narUZYWV	-	narZYWV	-	narUZYWVnarZYWV
narUZYWV	-	narWV	-	narUZYWVnarWV
tapT-patZ	+	patZ	+	tapT-patZpatZ
hydN-hypF	-	hypF	-	hydN-hypFhypF
yggDC	-	cmtBA-yggPF-fumE-yggC	-	yggDCcmtBA-yggPF-fumE-yggC
sanA-yeiS1	+	cdd	+	sanA-yeiS1cdd
ubiD1	+	fre	+	ubiD1fre
ubiD2	+	rfaH1	-	ubiD2rfaH1
clsC	+	ymdAB-clsC	+	clsCymdAB-clsC
clsC	+	ymdB-clsC	+	clsCymdB-clsC
clsC	+	ymdAB	+	clsCymdAB
dgcQ	-	yedP	+	dgcQyedP
tag-yiaC	+	bisC1	-	tag-yiaCbisC1
dnaN-recF	-	dnaAN-recF	-	dnaN-recFdnaAN-recF
dnaN-recF	-	gyrB	-	dnaN-recFgyrB
dnaN-recF	-	recF	-	dnaN-recFrecF
argT-hisJQMP	-	hisJQMP	-	argT-hisJQMPhisJQMP
mutL-miaA-hfq-hflXKC	+	yjeFE-amiB-mutL-miaA-hfq-hflXKC	+	mutL-miaA-hfq-hflXKCyjeFE-amiB-mutL-miaA-hfq-hflXKC
mutL-miaA-hfq-hflXKC	+	hfq-hflXKC	+	mutL-miaA-hfq-hflXKChfq-hflXKC
mutL-miaA-hfq-hflXKC	+	miaA-hfq-hflXKC	+	mutL-miaA-hfq-hflXKCmiaA-hfq-hflXKC
mutL-miaA-hfq-hflXKC	+	hfq-hflXKC1	+	mutL-miaA-hfq-hflXKChfq-hflXKC1
rpmF-plsX-fabHDG	+	fabG-acpP	+	rpmF-plsX-fabHDGfabG-acpP
rpmF-plsX-fabHDG	+	yceD-rpmF	+	rpmF-plsX-fabHDGyceD-rpmF
rpmF-plsX-fabHDG	+	fabDG-acpP	+	rpmF-plsX-fabHDGfabDG-acpP
rpmF-plsX-fabHDG	+	plsX-fabHDG	+	rpmF-plsX-fabHDGplsX-fabHDG
rpmF-plsX-fabHDG	+	fabHDG	+	rpmF-plsX-fabHDGfabHDG
sdiA1	-	sdiA	-	sdiA1sdiA
sdiA2	-	sdsN	+	sdiA2sdsN
yhdH2	+	csrD1	-	yhdH2csrD1
hsdMS	-	hsdRMS	-	hsdMShsdRMS
galK	-	galETK	-	galKgalETK
galK	-	galETKM	-	galKgalETKM
galK	-	galET	-	galKgalET
ilvLXG_1G_2MEDA	+	ilvA	+	ilvLXG_1G_2MEDAilvA
glyU1	-	glyU	-	glyU1glyU
mreB	-	mreBCD	-	mreBmreBCD
mreB	-	mreCD	-	mreBmreCD
rhoL-rho	+	rhoL	+	rhoL-rhorhoL
lon	+	clpX-lon	+	lonclpX-lon
ymiA-yciX	+	acnA	+	ymiA-yciXacnA
glnAZLG	-	glnLG	-	glnAZLGglnLG
glnAZLG	-	glnAZ	-	glnAZLGglnAZ
menA-rraA	-	rraA	-	menA-rraArraA
menA-rraA	-	hslVU	-	menA-rraAhslVU
ydiNB-aroD	+	aroD	+	ydiNB-aroDaroD
lsrK	-	lsrRK	-	lsrKlsrRK
pmrD1	-	arnBCADTEF	+	pmrD1arnBCADTEF
fimAICDFGH	+	fimE	+	fimAICDFGHfimE
malPQ	-	malQ	-	malPQmalQ
galETK	-	galETKM	-	galETKgalETKM
galETK	-	galET	-	galETKgalET
galETK	-	galE	-	galETKgalE
ynfK1	-	clcB	+	ynfK1clcB
yjbQR	+	uvrA	-	yjbQRuvrA
leuQPV	-	leuV1	-	leuQPVleuV1
yfhG	-	glrR-glnB	-	yfhGglrR-glnB
creABC	+	creABCD	+	creABCcreABCD
creABC	+	rob	-	creABCrob
nudB-yebC-ruvC	-	yebC-ruvC	-	nudB-yebC-ruvCyebC-ruvC
nudB-yebC-ruvC	-	ruvC	-	nudB-yebC-ruvCruvC
nudB-yebC-ruvC	-	yebB	+	nudB-yebC-ruvCyebB
nudB-yebC-ruvC	-	aspS	-	nudB-yebC-ruvCaspS
ldrA1	-	rdlA1	+	ldrA1rdlA1
acrB	-	acrAB	-	acrBacrAB
nupG	+	yggX-mltC-nupG	+	nupGyggX-mltC-nupG
nupG	+	mutY-yggX-mltC-nupG	+	nupGmutY-yggX-mltC-nupG
cydDC	-	trxB	-	cydDCtrxB
yebC-ruvC	-	ruvC	-	yebC-ruvCruvC
yebC-ruvC	-	yebB	+	yebC-ruvCyebB
rlmI1	-	yccX1	+	rlmI1yccX1
nrdR-ribDE-nusB-thiL-pgpA	+	yajI1	-	nrdR-ribDE-nusB-thiL-pgpAyajI1
gatYZABCD	-	gatZABCD	-	gatYZABCDgatZABCD
pdxK	-	yfeKS	+	pdxKyfeKS
uof-fur	-	fur	-	uof-furfur
uof-fur	-	fldA-uof-fur	-	uof-furfldA-uof-fur
psd-mscM	-	rsgA1	-	psd-mscMrsgA1
galETKM	-	galETK	-	galETKMgalETK
galETKM	-	galET	-	galETKMgalET
galETKM	-	galE	-	galETKMgalE
ryeA	+	sdsR	-	ryeAsdsR
ryeA	+	sdsR-pphA	-	ryeAsdsR-pphA
yqfA2	-	yqfB	-	yqfA2yqfB
glrR-glnB	-	glnB	-	glrR-glnBglnB
glrR-glnB	-	yfhA	-	glrR-glnByfhA
pdxB-usg-truA-dedA	-	usg-truA-dedA	-	pdxB-usg-truA-dedAusg-truA-dedA
efp	+	epmB1	-	efpepmB1
dkgB	+	yafC1	-	dkgByafC1
ykfGH-yafW-ykfI	-	yafY-ykfBF-yafX-ykfGH-yafW-ykfI	-	ykfGH-yafW-ykfIyafY-ykfBF-yafX-ykfGH-yafW-ykfI
ykfGH-yafW-ykfI	-	ykfBF-yafX-ykfGH-yafW-ykfI	-	ykfGH-yafW-ykfIykfBF-yafX-ykfGH-yafW-ykfI
zapC	+	ycbX	-	zapCycbX
fimB	+	fimB1	+	fimBfimB1
tpke70	-	lpxP	+	tpke70lpxP
yjjY1	+	arcA	-	yjjY1arcA
fliE	-	intG	+	fliEintG
smrB1	+	prmB-aroC-mepA-yfcA-epmC-yfcL	-	smrB1prmB-aroC-mepA-yfcA-epmC-yfcL
rplKAJL-rpoBC	+	rplL	+	rplKAJL-rpoBCrplL
rplKAJL-rpoBC	+	rplJL-rpoBC	+	rplKAJL-rpoBCrplJL-rpoBC
rplKAJL-rpoBC	+	secE-nusG	+	rplKAJL-rpoBCsecE-nusG
gcvR	+	bcp	+	gcvRbcp
pnp	-	sraG	+	pnpsraG
pnp	-	nlpI1	-	pnpnlpI1
pnp	-	metY-yhbC-nusA-infB-rbfA-truB-rpsO-pnp	-	pnpmetY-yhbC-nusA-infB-rbfA-truB-rpsO-pnp
pnp	-	rpsO-pnp	-	pnprpsO-pnp
yfdRST	+	ypdJ	+	yfdRSTypdJ
phoQ	-	phoPQ	-	phoQphoPQ
mreBCD	-	mreCD	-	mreBCDmreCD
mreBCD	-	mreB	-	mreBCDmreB
serC	+	serC-aroA	+	serCserC-aroA
manXYZ-yobD	+	yobD	+	manXYZ-yobDyobD
gadW	-	gadXW	-	gadWgadXW
gntXY	+	bioH	-	gntXYbioH
gntXY	+	nfuA	+	gntXYnfuA
yiaWV	-	yiaU1	+	yiaWVyiaU1
edd-eda	-	eda	-	edd-edaeda
osmF-yehYXW	-	osmF-yehYXW1	-	osmF-yehYXWosmF-yehYXW1
yidP	+	yidE1	-	yidPyidE1
mreCD	-	mreBCD	-	mreCDmreBCD
mreCD	-	mreB	-	mreCDmreB
gadEF-mdtEF	+	gadE-mdtEF	+	gadEF-mdtEFgadE-mdtEF
gadEF-mdtEF	+	mdtEF	+	gadEF-mdtEFmdtEF
rnd	-	fadD-sroD	-	rndfadD-sroD
ychF	-	pth-ychF	-	ychFpth-ychF
frr	+	dxr-uppS-cdsA1	+	frrdxr-uppS-cdsA1
htrG-cca	+	ygiM	+	htrG-ccaygiM
ompL1	-	yihPO	-	ompL1yihPO
hcp-hcr	-	lysO	-	hcp-hcrlysO
hcp-hcr	-	hcp-hcr-poxB	-	hcp-hcrhcp-hcr-poxB
bamB-der	-	yfgM	-	bamB-deryfgM
flhDC	-	insA5B5AB5	-	flhDCinsA5B5AB5
hypBCDE-fhlA	+	hypBCDE	+	hypBCDE-fhlAhypBCDE
hypBCDE-fhlA	+	hypABCDE	+	hypBCDE-fhlAhypABCDE
yaaJ1	-	yaaA2	-	yaaJ1yaaA2
bglGFB	-	bglG	-	bglGFBbglG
rclABC	-	rclBC	-	rclABCrclBC
potFGHI	+	ybjO-rlmC2	+	potFGHIybjO-rlmC2
speAB	-	yqgB1	-	speAByqgB1
speAB	-	speB	-	speABspeB
radA-nadR	+	serB-radA	+	radA-nadRserB-radA
nanCMS	-	nanCM	-	nanCMSnanCM
nanCMS	-	nanS1	-	nanCMSnanS1
fumB	-	dcuB-fumB	-	fumBdcuB-fumB
zitB1	-	nadAp // pnuC // nadA	+	zitB1nadAp // pnuC // nadA
hemF	+	amiA-hemF	+	hemFamiA-hemF
yafY-ykfBF-yafX-ykfGH-yafW-ykfI	-	ykfBF-yafX-ykfGH-yafW-ykfI	-	yafY-ykfBF-yafX-ykfGH-yafW-ykfIykfBF-yafX-ykfGH-yafW-ykfI
surA-pdxA-rsmA-apaGH	-	pdxA-rsmA	-	surA-pdxA-rsmA-apaGHpdxA-rsmA
surA-pdxA-rsmA-apaGH	-	apaGH	-	surA-pdxA-rsmA-apaGHapaGH
surA-pdxA-rsmA-apaGH	-	imp-surA-pdxA	-	surA-pdxA-rsmA-apaGHimp-surA-pdxA
surA-pdxA-rsmA-apaGH	-	pdxA-rsmA-apaGH	-	surA-pdxA-rsmA-apaGHpdxA-rsmA-apaGH
surA-pdxA-rsmA-apaGH	-	rsmA-apaGH	-	surA-pdxA-rsmA-apaGHrsmA-apaGH
yjeFE-amiB-mutL-miaA-hfq-hflXKC	+	hfq-hflXKC	+	yjeFE-amiB-mutL-miaA-hfq-hflXKChfq-hflXKC
yjeFE-amiB-mutL-miaA-hfq-hflXKC	+	mutL-miaA-hfq-hflXKC	+	yjeFE-amiB-mutL-miaA-hfq-hflXKCmutL-miaA-hfq-hflXKC
yjeFE-amiB-mutL-miaA-hfq-hflXKC	+	queG	-	yjeFE-amiB-mutL-miaA-hfq-hflXKCqueG
yjeFE-amiB-mutL-miaA-hfq-hflXKC	+	miaA-hfq-hflXKC	+	yjeFE-amiB-mutL-miaA-hfq-hflXKCmiaA-hfq-hflXKC
yjeFE-amiB-mutL-miaA-hfq-hflXKC	+	hfq-hflXKC1	+	yjeFE-amiB-mutL-miaA-hfq-hflXKChfq-hflXKC1
mngB	+	mngAB	+	mngBmngAB
ygiW1	-	qseBC	+	ygiW1qseBC
ybeQ1	-	ybeR-djlB2	+	ybeQ1ybeR-djlB2
ybeQ2	-	ybeR-djlB1	+	ybeQ2ybeR-djlB1
ybeQ3	-	ybeR-djlB3	+	ybeQ3ybeR-djlB3
rlmM	-	ygdD1	-	rlmMygdD1
appCBA-yccB	+	appA	+	appCBA-yccBappA
rfaQGPSBIJYZ-waaU	-	rfaYZ	-	rfaQGPSBIJYZ-waaUrfaYZ
rfaQGPSBIJYZ-waaU	-	rirA-rfaQGPSBIJYZ-waaU	-	rfaQGPSBIJYZ-waaUrirA-rfaQGPSBIJYZ-waaU
ydhYVWXUT	-	ydhXUT	-	ydhYVWXUTydhXUT
insK	+	insJ1	+	insKinsJ1
lapAB	+	yciSM-pyrF-yciH	+	lapAByciSM-pyrF-yciH
murQP	+	murQP-yfeW	+	murQPmurQP-yfeW
murQP	+	murR	-	murQPmurR
ydbK-ompN	-	micC	+	ydbK-ompNmicC
ydbK-ompN	-	ydbK	-	ydbK-ompNydbK
hslO1	+	yrfG-hslR	+	hslO1yrfG-hslR
hslO1	+	hslR-hslO	+	hslO1hslR-hslO
mpaA1	-	ycjY-ymjDC-mpaA	-	mpaA1ycjY-ymjDC-mpaA
mpaA1	-	ymjC-mpaA	-	mpaA1ymjC-mpaA
mpaA1	-	ycjG	+	mpaA1ycjG
yheSTU	+	prkB	+	yheSTUprkB
yfaX-rhmD	-	yfaXWVU	-	yfaX-rhmDyfaXWVU
paaJ	+	paaABCDEFGHIJK	+	paaJpaaABCDEFGHIJK
tufA	-	fusA-tufA	-	tufAfusA-tufA
rpsP-rimM-trmD-rplS	-	ffh	-	rpsP-rimM-trmD-rplSffh
selD-topB	-	ydjA-selD-topB	-	selD-topBydjA-selD-topB
yaiA-aroM	+	aroL-yaiA-aroM	+	yaiA-aroMaroL-yaiA-aroM
actP	-	acs-yjcHG	-	actPacs-yjcHG
actP	-	yjcH-actP	-	actPyjcH-actP
rplT	-	rpmI-rplT	-	rplTrpmI-rplT
rplT	-	rplT-pheM	-	rplTrplT-pheM
rplT	-	infC-rpmI-rplT	-	rplTinfC-rpmI-rplT
yggX-mltC-nupG	+	mutY-yggX-mltC	+	yggX-mltC-nupGmutY-yggX-mltC
yggX-mltC-nupG	+	mutY-yggX	+	yggX-mltC-nupGmutY-yggX
yggX-mltC-nupG	+	yggX-mltC	+	yggX-mltC-nupGyggX-mltC
yggX-mltC-nupG	+	yggX	+	yggX-mltC-nupGyggX
yggX-mltC-nupG	+	mutY-yggX-mltC-nupG	+	yggX-mltC-nupGmutY-yggX-mltC-nupG
lysR	+	ygeA1	-	lysRygeA1
ssrS-ygfA	+	ssrS	+	ssrS-ygfAssrS
glpEGR	-	glpR	-	glpEGRglpR
glpEGR	-	glpGR	-	glpEGRglpGR
envY-ompT	-	ompT	-	envY-ompTompT
isrC-flu	+	flu	+	isrC-fluflu
isrC-flu	+	isrC	+	isrC-fluisrC
yggI2	+	galP	+	yggI2galP
ygcW2	-	ygcU1	-	ygcW2ygcU1
yegW	-	yegTUV	+	yegWyegTUV
ribC1	-	mdtK1	+	ribC1mdtK1
recG	+	rpoZ-spoT-trmH-recG	+	recGrpoZ-spoT-trmH-recG
kdpFABC	-	kdpDE	-	kdpFABCkdpDE
yiaU3	+	yiaT1	-	yiaU3yiaT1
gspAB	-	gspCDEFGHIJKLMO	+	gspABgspCDEFGHIJKLMO
glpR	-	glpGR	-	glpRglpGR
yjgA1	-	tldE	+	yjgA1tldE
srkA-dsbA	+	dsbA	+	srkA-dsbAdsbA
clpPX	+	clpX-lon	+	clpPXclpX-lon
pstB-phoU	-	pstCAB-phoU	-	pstB-phoUpstCAB-phoU
pstB-phoU	-	phoU	-	pstB-phoUphoU
pstB-phoU	-	pstSCAB-phoU	-	pstB-phoUpstSCAB-phoU
yajD1	+	yajC-secDF	+	yajD1yajC-secDF
casABCDE12	-	casDE-ygbTF	-	casABCDE12casDE-ygbTF
casABCDE12	-	ygbF	-	casABCDE12ygbF
gadE-mdtEF	+	mdtEF	+	gadE-mdtEFmdtEF
rrlE-rrfE	+	rrsE-gltV-rrlE-rrfE	+	rrlE-rrfErrsE-gltV-rrlE-rrfE
rrlE-rrfE	+	yjaA2	+	rrlE-rrfEyjaA2
yigI	-	rarD1	-	yigIrarD1
xerD-dsbC-recJ	-	dsbC	-	xerD-dsbC-recJdsbC
xerD-dsbC-recJ	-	fldB	+	xerD-dsbC-recJfldB
xerD-dsbC-recJ	-	xerD1	-	xerD-dsbC-recJxerD1
dolP	+	diaA	+	dolPdiaA
tfaS	+	yfdONMLK	-	tfaSyfdONMLK
queA	+	tgt-yajC	+	queAtgt-yajC
aceEF	+	pdhR-aceEF-lpdA	+	aceEFpdhR-aceEF-lpdA
yfiC1	-	nadB	+	yfiC1nadB
dnaTC	-	dnaTC-yjjA	-	dnaTCdnaTC-yjjA
dnaTC	-	yjjB-dnaTC	-	dnaTCyjjB-dnaTC
dnaTC	-	yjjB-dnaTC-yjjA	-	dnaTCyjjB-dnaTC-yjjA
treR	-	mgtA	+	treRmgtA
dnaAN-recF	-	dnaN-recF	-	dnaAN-recFdnaN-recF
dnaAN-recF	-	gyrB	-	dnaAN-recFgyrB
dnaAN-recF	-	recF	-	dnaAN-recFrecF
rnt-lhr	+	lhr	+	rnt-lhrlhr
rnlB	+	rnlAB	+	rnlBrnlAB
yccX1	+	tusE	-	yccX1tusE
rfaYZ	-	rirA-rfaQGPSBIJYZ-waaU	-	rfaYZrirA-rfaQGPSBIJYZ-waaU
ahpF	+	ahpCF	+	ahpFahpCF
yeaO1	+	nimT	+	yeaO1nimT
rhaT	-	rhaSR	+	rhaTrhaSR
entCEBA-ybdB	+	entH	+	entCEBA-ybdBentH
glpGR	-	glpR	-	glpGRglpR
glnB	-	yfhA	-	glnByfhA
yrfG-hslR	+	hslR-hslO	+	yrfG-hslRhslR-hslO
stfZ	-	ftsQAZ	+	stfZftsQAZ
stfZ	-	rsmH-ftsLI-murEF-mraY-murD-ftsW-murGC-ddlB-ftsQAZ-lpxC	+	stfZrsmH-ftsLI-murEF-mraY-murD-ftsW-murGC-ddlB-ftsQAZ-lpxC
stfZ	-	ftsZ	+	stfZftsZ
stfZ	-	mraZW-ftsLI-murEF-mraY-murD-ftsW-murGC-ddlB-ftsQAZ-lpxC	+	stfZmraZW-ftsLI-murEF-mraY-murD-ftsW-murGC-ddlB-ftsQAZ-lpxC
stfZ	-	ftsLI-murEF-mraY-murD-ftsW-murGC-ddlB-ftsQAZ-lpxC	+	stfZftsLI-murEF-mraY-murD-ftsW-murGC-ddlB-ftsQAZ-lpxC
fes-ybdZ-entF-fepE	+	fepDGC	-	fes-ybdZ-entF-fepEfepDGC
fusA-tufA	-	tufA	-	fusA-tufAtufA
mutY-yggX-mltC	+	mutY-yggX	+	mutY-yggX-mltCmutY-yggX
mutY-yggX-mltC	+	yggX-mltC	+	mutY-yggX-mltCyggX-mltC
mutY-yggX-mltC	+	yggX	+	mutY-yggX-mltCyggX
mutY-yggX-mltC	+	mutY-yggX-mltC-nupG	+	mutY-yggX-mltCmutY-yggX-mltC-nupG
infA-serW1	-	serW	-	infA-serW1serW
infA-serW1	-	infA	-	infA-serW1infA
ydcSTUV-patD	+	patD1	+	ydcSTUV-patDpatD1
lptB-rpoN-hpf-ptsN-yhbJ	+	lptAB	+	lptB-rpoN-hpf-ptsN-yhbJlptAB
lptB-rpoN-hpf-ptsN-yhbJ	+	rpoN-hpf-ptsN-yhbJ-npr	+	lptB-rpoN-hpf-ptsN-yhbJrpoN-hpf-ptsN-yhbJ-npr
lptB-rpoN-hpf-ptsN-yhbJ	+	yrbG-kdsDC-lptCAB	+	lptB-rpoN-hpf-ptsN-yhbJyrbG-kdsDC-lptCAB
yeaD	+	gapA-yeaD	+	yeaDgapA-yeaD
ydgC1	-	ydgI-folM	+	ydgC1ydgI-folM
adeQ	-	yicN1	-	adeQyicN1
rsd	-	nudC-hemE-nfi1	+	rsdnudC-hemE-nfi1
ssrS-ygfA	+	zapA1	+	ssrS-ygfAzapA1
oxyR	+	sthA	-	oxyRsthA
tauABCD	+	tauABC	+	tauABCDtauABC
uhpABC	-	ivbL-ilvBN-uhpABC1	-	uhpABCivbL-ilvBN-uhpABC1
uhpABC	-	uhpB	-	uhpABCuhpB
hyuA1	+	ygeY	+	hyuA1ygeY
flgAMN	-	flgMN	-	flgAMNflgMN
yebW2	+	yebV1	+	yebW2yebV1
nemA	+	nemRA-gloA	+	nemAnemRA-gloA
yqgB2	-	yqgC	+	yqgB2yqgC
waaA	+	kdtA-coaD	+	waaAkdtA-coaD
rcsDB	+	rcsB	+	rcsDBrcsB
ygbJK	+	ygbI1	-	ygbJKygbI1
ygbJK	+	ygbK	+	ygbJKygbK
gadBC	-	gadC1	-	gadBCgadC1
lpxC	+	rsmH-ftsLI-murEF-mraY-murD-ftsW-murGC-ddlB-ftsQAZ-lpxC	+	lpxCrsmH-ftsLI-murEF-mraY-murD-ftsW-murGC-ddlB-ftsQAZ-lpxC
lpxC	+	mraZW-ftsLI-murEF-mraY-murD-ftsW-murGC-ddlB-ftsQAZ-lpxC	+	lpxCmraZW-ftsLI-murEF-mraY-murD-ftsW-murGC-ddlB-ftsQAZ-lpxC
lpxC	+	ftsLI-murEF-mraY-murD-ftsW-murGC-ddlB-ftsQAZ-lpxC	+	lpxCftsLI-murEF-mraY-murD-ftsW-murGC-ddlB-ftsQAZ-lpxC
ldhA	-	ydbH-ynbE-ydbL1	+	ldhAydbH-ynbE-ydbL1
pgk-fbaA	-	pgk	-	pgk-fbaApgk
sibD	-	ibsD	+	sibDibsD
sad-glsB-yneG1	-	sad1	-	sad-glsB-yneG1sad1
sad-glsB-yneG1	-	yneJ1	+	sad-glsB-yneG1yneJ1
abgR	+	mcaS	-	abgRmcaS
yrdA	+	yrdD-rimN-aroE-yrdB	-	yrdAyrdD-rimN-aroE-yrdB
yibD	-	yibD1	-	yibDyibD1
yibD	-	gpmM-envC-yibQ	+	yibDgpmM-envC-yibQ
ybdK1	-	ybdJ3	-	ybdK1ybdJ3
ssrS	+	zapA1	+	ssrSzapA1
ssrS	+	ssrS-ygfA	+	ssrSssrS-ygfA
fumC	-	tus1	+	fumCtus1
fumC	-	fumAC	-	fumCfumAC
dhaM	-	dhaKLM	-	dhaMdhaKLM
rsmH-ftsLI-murEF-mraY-murD-ftsW-murGC-ddlB-ftsQAZ-lpxC	+	ftsZ	+	rsmH-ftsLI-murEF-mraY-murD-ftsW-murGC-ddlB-ftsQAZ-lpxCftsZ
rsmH-ftsLI-murEF-mraY-murD-ftsW-murGC-ddlB-ftsQAZ-lpxC	+	mraZW-ftsLI-murEF-mraY-murD-ftsW-murGC-ddlB-ftsQAZ-lpxC	+	rsmH-ftsLI-murEF-mraY-murD-ftsW-murGC-ddlB-ftsQAZ-lpxCmraZW-ftsLI-murEF-mraY-murD-ftsW-murGC-ddlB-ftsQAZ-lpxC
rsmH-ftsLI-murEF-mraY-murD-ftsW-murGC-ddlB-ftsQAZ-lpxC	+	lpxC	+	rsmH-ftsLI-murEF-mraY-murD-ftsW-murGC-ddlB-ftsQAZ-lpxClpxC
rsmH-ftsLI-murEF-mraY-murD-ftsW-murGC-ddlB-ftsQAZ-lpxC	+	stfZ	-	rsmH-ftsLI-murEF-mraY-murD-ftsW-murGC-ddlB-ftsQAZ-lpxCstfZ
rsmH-ftsLI-murEF-mraY-murD-ftsW-murGC-ddlB-ftsQAZ-lpxC	+	ftsLI-murEF-mraY-murD-ftsW-murGC-ddlB-ftsQAZ-lpxC	+	rsmH-ftsLI-murEF-mraY-murD-ftsW-murGC-ddlB-ftsQAZ-lpxCftsLI-murEF-mraY-murD-ftsW-murGC-ddlB-ftsQAZ-lpxC
sdsR	-	sdsR-pphA	-	sdsRsdsR-pphA
cysG	+	nirBDC-cysG	+	cysGnirBDC-cysG
tolB-pal-ybgF1	+	ybgC-tolQRA1	+	tolB-pal-ybgF1ybgC-tolQRA1
tolB-pal-ybgF2	+	ybgC-tolQRA2	+	tolB-pal-ybgF2ybgC-tolQRA2
sucABCD-sdhX	+	sdhCDAB-sucABCD-sdhX	+	sucABCD-sdhXsdhCDAB-sucABCD-sdhX
sucABCD-sdhX	+	sucAB	+	sucABCD-sdhXsucAB
sucABCD-sdhX	+	mngR	-	sucABCD-sdhXmngR
dsbD-yjdC	-	yjdC	-	dsbD-yjdCyjdC
dsbD-yjdC	-	cutA	-	dsbD-yjdCcutA
rpsI1	-	rplM-rpsI	-	rpsI1rplM-rpsI
frlR	+	frlABCDR	+	frlRfrlABCDR
sfmCD	+	sfmAC	+	sfmCDsfmAC
ycjY	-	ycjY-ymjDC-mpaA	-	ycjYycjY-ymjDC-mpaA
ycjY	-	pgrR	+	ycjYpgrR
yniA2	+	ydiZ	+	yniA2ydiZ
rhtA1	-	yliM-ompX	+	rhtA1yliM-ompX
dcuD	+	nanR1	-	dcuDnanR1
metG	+	mrp	-	metGmrp
holC-valS	-	holC1	-	holC-valSholC1
holC-valS	-	valS	-	holC-valSvalS
garR	-	garPLRK-rnpB	-	garRgarPLRK-rnpB
ibsC	-	sibC	+	ibsCsibC
psiE	+	xylE	-	psiExylE
ilvIH	+	yabR	-	ilvIHyabR
yddH	-	pptA1	+	yddHpptA1
suhB	+	yfhR1	+	suhByfhR1
stfR-tfaR	+	ynaA-lomR	+	stfR-tfaRynaA-lomR
ygeF	+	yqeK2	-	ygeFyqeK2
ybeD1	-	lipB1	-	ybeD1lipB1
ybeD2	-	lipB2	-	ybeD2lipB2
pykA	+	yebK1	+	pykAyebK1
ygjQ1	+	ygjP	+	ygjQ1ygjP
sraG	+	rpsO	-	sraGrpsO
sraG	+	metY-yhbC-nusA-infB-rbfA-truB-rpsO-pnp	-	sraGmetY-yhbC-nusA-infB-rbfA-truB-rpsO-pnp
sraG	+	rpsO-pnp	-	sraGrpsO-pnp
yjaG1	+	nudC-hemE-nfi1	+	yjaG1nudC-hemE-nfi1
acs-yjcHG	-	yjcH-actP	-	acs-yjcHGyjcH-actP
yghO	-	insH-91	+	yghOinsH-91
hokA1	-	insJ1	+	hokA1insJ1
ubiEJB	+	esrE	+	ubiEJBesrE
pdxA-rsmA	-	apaGH	-	pdxA-rsmAapaGH
pdxA-rsmA	-	imp-surA-pdxA	-	pdxA-rsmAimp-surA-pdxA
pdxA-rsmA	-	pdxA-rsmA-apaGH	-	pdxA-rsmApdxA-rsmA-apaGH
pdxA-rsmA	-	rsmA-apaGH	-	pdxA-rsmArsmA-apaGH
rplU-rpmA	-	rplU-rpmA-yhbE-obgE	-	rplU-rpmArplU-rpmA-yhbE-obgE
ygcS	-	ygcRQ	-	ygcSygcRQ
cysJIH	-	cysH	-	cysJIHcysH
nirBDC-cysG	+	cysG	+	nirBDC-cysGcysG
pabC-mltG-tmk-holB-ycfH3	+	acpP-fabF	+	pabC-mltG-tmk-holB-ycfH3acpP-fabF
glnHPQ	-	glnQ	-	glnHPQglnQ
rpsU-dnaG-rpoD	+	rpoD	+	rpsU-dnaG-rpoDrpoD
rpsU-dnaG-rpoD	+	rpsU	+	rpsU-dnaG-rpoDrpsU
maeA1	-	adhP1	-	maeA1adhP1
yfbL1	+	yfbK2	-	yfbL1yfbK2
yfbL2	+	yfbK1	-	yfbL2yfbK1
yciN1	-	topA	+	yciN1topA
ychJ1	-	rssAB	+	ychJ1rssAB
ychJ1	-	ychJ-purU	-	ychJ1ychJ-purU
ychJ1	-	purU	-	ychJ1purU
yafJ	+	ldtF	-	yafJldtF
ecnAB	+	ecnB	+	ecnABecnB
pspG	+	qorA	-	pspGqorA
ugpBAECQ	-	yhhA1	+	ugpBAECQyhhA1
ybcH1	-	nfrBA	-	ybcH1nfrBA
rpmI-rplT	-	rplT-pheM	-	rpmI-rplTrplT-pheM
rpmI-rplT	-	thrS-infC	-	rpmI-rplTthrS-infC
rpmI-rplT	-	infC-rpmI-rplT	-	rpmI-rplTinfC-rpmI-rplT
rpmI-rplT	-	infC	-	rpmI-rplTinfC
pspABCDE	+	pspE	+	pspABCDEpspE
cho	+	ves	-	choves
murA	-	ibaG-murA	-	murAibaG-murA
bcp	+	gcvR	+	bcpgcvR
yqhG	+	yqhH1	+	yqhGyqhH1
aceK	+	aceBAK	+	aceKaceBAK
aceK	+	arpA1	-	aceKarpA1
glcBA	-	glcDEFGBA	-	glcBAglcDEFGBA
rrsH-ileV-alaV-rrlH-rrfH	+	rrlH-rrfH	+	rrsH-ileV-alaV-rrlH-rrfHrrlH-rrfH
ydeM	-	ydeNM	-	ydeMydeNM
sdhCDAB-sucABCD-sdhX	+	sdhCDAB	+	sdhCDAB-sucABCD-sdhXsdhCDAB
sdhCDAB-sucABCD-sdhX	+	sucAB	+	sdhCDAB-sucABCD-sdhXsucAB
sdhCDAB-sucABCD-sdhX	+	mngR	-	sdhCDAB-sucABCD-sdhXmngR
sdhCDAB-sucABCD-sdhX	+	sdhDAB	+	sdhCDAB-sucABCD-sdhXsdhDAB
nagK-cobB1	+	lolCDE	+	nagK-cobB1lolCDE
yhiS	+	insH-111	-	yhiSinsH-111
ydhM	+	nemRA-gloA	+	ydhMnemRA-gloA
dnaX	+	ybaB-recR	+	dnaXybaB-recR
ryjA	-	soxR	+	ryjAsoxR
yibD1	-	gpmM-envC-yibQ	+	yibD1gpmM-envC-yibQ
rsmC1	-	holD-rimI-yjjG	+	rsmC1holD-rimI-yjjG
dapA-nlpB	-	bamC	-	dapA-nlpBbamC
gapA-yeaD	+	gapA	+	gapA-yeaDgapA
dsbGp // dsbG	-	ahpCF	+	dsbGp // dsbGahpCF
ileS-lspA-fkpB-ispH	+	lsp-fkpB-ispH	+	ileS-lspA-fkpB-ispHlsp-fkpB-ispH
ileS-lspA-fkpB-ispH	+	ribF-ileS-lspA-fkpB-ispH	+	ileS-lspA-fkpB-ispHribF-ileS-lspA-fkpB-ispH
zapA1	+	ssrS	+	zapA1ssrS
zapA1	+	ssrS-ygfA	+	zapA1ssrS-ygfA
relA	-	rlmD	-	relArlmD
relA	-	relA-mazEF	-	relArelA-mazEF
relA	-	ameF	+	relAameF
norR	-	srlAEBD-gutM-srlR-gutQ	+	norRsrlAEBD-gutM-srlR-gutQ
bcsBZ	-	bcsABZC	-	bcsBZbcsABZC
malZ	+	acpH	-	malZacpH
yhcF1	+	yhcADE	+	yhcF1yhcADE
sad1	-	yneJ1	+	sad1yneJ1
mngAB	+	mngR	-	mngABmngR
yhhA1	+	ugpBAECQ	-	yhhA1ugpBAECQ
yhhA1	+	ggt	-	yhhA1ggt
rrsB-gltT-rrlB-rrfB	+	rrlB-rrfB	+	rrsB-gltT-rrlB-rrfBrrlB-rrfB
pabB-nudL1	+	yoaH1	-	pabB-nudL1yoaH1
ykgA	-	eaeH-insE1EF1F1	+	ykgAeaeH-insE1EF1F1
dsdXA	+	dsdA	+	dsdXAdsdA
rhaD	-	rhaBAD	-	rhaDrhaBAD
sroH	-	yjaZ	+	sroHyjaZ
casDE-ygbTF	-	ygbF	-	casDE-ygbTFygbF
metY-yhbC-nusA-infB	-	metY-yhbC-nusA-infB-rbfA-truB-rpsO-pnp	-	metY-yhbC-nusA-infBmetY-yhbC-nusA-infB-rbfA-truB-rpsO-pnp
metY-yhbC-nusA-infB	-	nusA-infB	-	metY-yhbC-nusA-infBnusA-infB
metY-yhbC-nusA-infB	-	metY	-	metY-yhbC-nusA-infBmetY
yfeO1	+	glk	-	yfeO1glk
ybjO-rlmC2	+	potFGHI	+	ybjO-rlmC2potFGHI
ygfK-ssnA	+	ssnA	+	ygfK-ssnAssnA
dam-rpe-gph-trpS	-	rpe-gph-trpS	-	dam-rpe-gph-trpSrpe-gph-trpS
dam-rpe-gph-trpS	-	trpS	-	dam-rpe-gph-trpStrpS
dam-rpe-gph-trpS	-	aroKB-damX-dam-rpe-gph-trpS	-	dam-rpe-gph-trpSaroKB-damX-dam-rpe-gph-trpS
pdxY	-	pdxH-tyrS-pdxY	-	pdxYpdxH-tyrS-pdxY
dnaTC-yjjA	-	yjjB-dnaTC	-	dnaTC-yjjAyjjB-dnaTC
dnaTC-yjjA	-	yjjB-dnaTC-yjjA	-	dnaTC-yjjAyjjB-dnaTC-yjjA
accA	+	bamA-hlpA-lpxD-fabZ-lpxAB-rnhB-dnaE	+	accAbamA-hlpA-lpxD-fabZ-lpxAB-rnhB-dnaE
gltF	+	gltBDF	+	gltFgltBDF
mraZW-ftsLI-murEF-mraY-murD-ftsW-murGC-ddlB-ftsQAZ-lpxC	+	lpxC	+	mraZW-ftsLI-murEF-mraY-murD-ftsW-murGC-ddlB-ftsQAZ-lpxClpxC
mraZW-ftsLI-murEF-mraY-murD-ftsW-murGC-ddlB-ftsQAZ-lpxC	+	stfZ	-	mraZW-ftsLI-murEF-mraY-murD-ftsW-murGC-ddlB-ftsQAZ-lpxCstfZ
mraZW-ftsLI-murEF-mraY-murD-ftsW-murGC-ddlB-ftsQAZ-lpxC	+	ftsLI-murEF-mraY-murD-ftsW-murGC-ddlB-ftsQAZ-lpxC	+	mraZW-ftsLI-murEF-mraY-murD-ftsW-murGC-ddlB-ftsQAZ-lpxCftsLI-murEF-mraY-murD-ftsW-murGC-ddlB-ftsQAZ-lpxC
insI2	+	ydbA	+	insI2ydbA
yzfA	-	tamAB-ytfP	+	yzfAtamAB-ytfP
tyrTV-tpr	-	tyrV-tpr	-	tyrTV-tprtyrV-tpr
tyrTV-tpr	-	rttR	-	tyrTV-tprrttR
yhhH	+	rhsB1	+	yhhHrhsB1
ibaG	-	ibaG-murA	-	ibaGibaG-murA
insA4AB4B4	+	gfcA	-	insA4AB4B4gfcA
mdaB1	+	ygiN1	+	mdaB1ygiN1
setB1	+	yeiW	-	setB1yeiW
yrbN-deaD	-	nlpI1	-	yrbN-deaDnlpI1
yijO1	-	frwD	+	yijO1frwD
yajG	-	yajG-ampG	-	yajGyajG-ampG
yajG	-	ampG1	-	yajGampG1
ruvC	-	yebB	+	ruvCyebB
yacG	-	coaE-zapD-yacG	-	yacGcoaE-zapD-yacG
aspA	-	aspA-dcuA	-	aspAaspA-dcuA
gshA	-	luxS	-	gshAluxS
basRS	-	eptA	-	basRSeptA
yaeF1	-	proS	-	yaeF1proS
hfq-hflXKC	+	mutL-miaA-hfq-hflXKC	+	hfq-hflXKCmutL-miaA-hfq-hflXKC
hfq-hflXKC	+	yjeFE-amiB-mutL-miaA-hfq-hflXKC	+	hfq-hflXKCyjeFE-amiB-mutL-miaA-hfq-hflXKC
hfq-hflXKC	+	miaA-hfq-hflXKC	+	hfq-hflXKCmiaA-hfq-hflXKC
hfq-hflXKC	+	hfq-hflXKC1	+	hfq-hflXKChfq-hflXKC1
xylFGHR	+	xylR	+	xylFGHRxylR
rssAB	+	rssB	+	rssABrssB
rssAB	+	ychJ-purU	-	rssABychJ-purU
slyX1	+	fkpA	-	slyX1fkpA
ygbLM	+	ygbN1	+	ygbLMygbN1
rpe-gph-trpS	-	dam-rpe-gph-trpS	-	rpe-gph-trpSdam-rpe-gph-trpS
rpe-gph-trpS	-	trpS	-	rpe-gph-trpStrpS
rpe-gph-trpS	-	aroKB-damX-dam-rpe-gph-trpS	-	rpe-gph-trpSaroKB-damX-dam-rpe-gph-trpS
yjbE	+	yjbEFGH	+	yjbEyjbEFGH
poxB-ltaE-ybjT1	-	ltaE-ybjT	-	poxB-ltaE-ybjT1ltaE-ybjT
poxB-ltaE-ybjT1	-	poxB	-	poxB-ltaE-ybjT1poxB
poxB-ltaE-ybjT1	-	hcp-hcr-poxB	-	poxB-ltaE-ybjT1hcp-hcr-poxB
htgA	+	yaaW1	-	htgAyaaW1
yjjP	-	yjjB-dnaTC	-	yjjPyjjB-dnaTC
yjjP	-	yjjB-dnaTC-yjjA	-	yjjPyjjB-dnaTC-yjjA
rseABC	-	rseD-rpoE-rseABC	-	rseABCrseD-rpoE-rseABC
rseABC	-	rpoE-rseABC	-	rseABCrpoE-rseABC
dksA-gluQ	-	sfsA-dksA	-	dksA-gluQsfsA-dksA
csiD-ygaF-gabDTP	+	gabDTP	+	csiD-ygaF-gabDTPgabDTP
rdlB1	+	ldrB1	-	rdlB1ldrB1
ompX	+	yliM-ompX	+	ompXyliM-ompX
rpoD	+	rpsU-dnaG-rpoD	+	rpoDrpsU-dnaG-rpoD
ybiB	+	dinG-ybiB	+	ybiBdinG-ybiB
stfE-tfaE	-	ymfTLMNR-beeE-jayE-ymfQ-ycfK-tfaP	+	stfE-tfaEymfTLMNR-beeE-jayE-ymfQ-ycfK-tfaP
stfE-tfaE	-	pinE1	+	stfE-tfaEpinE1
tehAB	+	ydcK1	-	tehABydcK1
ybbY-glxK	+	allB	+	ybbY-glxKallB
ybbY-glxK	+	glxK	+	ybbY-glxKglxK
ybbY-glxK	+	gcl-hyi-glxR-ybbVW-allB-ybbY-glxK	+	ybbY-glxKgcl-hyi-glxR-ybbVW-allB-ybbY-glxK
rnb	-	yciW	-	rnbyciW
rlmD	-	relA	-	rlmDrelA
rlmD	-	relA-mazEF	-	rlmDrelA-mazEF
ogt	-	abgABT-ogt	-	ogtabgABT-ogt
ygcG1	+	queE1	-	ygcG1queE1
yeiL1	+	yeiL	+	yeiL1yeiL
zraSR	+	purHD	-	zraSRpurHD
rnlAB	+	rnlB	+	rnlABrnlB
rnlAB	+	yfjM1	-	rnlAByfjM1
ydcC	+	pptA1	+	ydcCpptA1
aceBAK	+	arpA1	-	aceBAKarpA1
yadE2	+	yadI	+	yadE2yadI
glnLG	-	glnAZLG	-	glnLGglnAZLG
glnLG	-	glnAZ	-	glnLGglnAZ
hypBCDE	+	hypABCDE	+	hypBCDEhypABCDE
ydcI	-	ydcJ1	+	ydcIydcJ1
ydcK1	-	rimL	+	ydcK1rimL
bcsABZC	-	bcsQ	-	bcsABZCbcsQ
metK	+	yqgD	-	metKyqgD
lgt-thyA	-	thyA	-	lgt-thyAthyA
mazEFG	-	relA-mazEF	-	mazEFGrelA-mazEF
mazEFG	-	ameF	+	mazEFGameF
rpsO	-	metY-yhbC-nusA-infB-rbfA-truB-rpsO-pnp	-	rpsOmetY-yhbC-nusA-infB-rbfA-truB-rpsO-pnp
rpsO	-	rpsO-pnp	-	rpsOrpsO-pnp
gadC1	-	gadBC	-	gadC1gadBC
pstCAB-phoU	-	pstB-phoU	-	pstCAB-phoUpstB-phoU
pstCAB-phoU	-	phoU	-	pstCAB-phoUphoU
pstCAB-phoU	-	pstSCAB-phoU	-	pstCAB-phoUpstSCAB-phoU
gspCDEFGHIJKLMO	+	gspAB	-	gspCDEFGHIJKLMOgspAB
gloB1	-	yafS1	+	gloB1yafS1
ralA	+	recET-ralR-rcbA-xisR-intR	-	ralArecET-ralR-rcbA-xisR-intR
ackA-pta1	+	ackA	+	ackA-pta1ackA
yggX-mltC	+	yggX	+	yggX-mltCyggX
yggX-mltC	+	mutY-yggX-mltC-nupG	+	yggX-mltCmutY-yggX-mltC-nupG
cspB	-	cspF3	+	cspBcspF3
kdtA-coaD	+	waaA	+	kdtA-coaDwaaA
ybaB-recR	+	htpG	+	ybaB-recRhtpG
hlpA-lpxD-fabZ-lpxA	+	bamA-hlpA-lpxD-fabZ-lpxAB-rnhB-dnaE	+	hlpA-lpxD-fabZ-lpxAbamA-hlpA-lpxD-fabZ-lpxAB-rnhB-dnaE
hlpA-lpxD-fabZ-lpxA	+	fabZ	+	hlpA-lpxD-fabZ-lpxAfabZ
hlpA-lpxD-fabZ-lpxA	+	lpxD	+	hlpA-lpxD-fabZ-lpxAlpxD
yccR	+	yccFS	-	yccRyccFS
nadB	+	rpoE-rseABC	-	nadBrpoE-rseABC
creABCD	+	creD	+	creABCDcreD
creABCD	+	arcA	-	creABCDarcA
rnhA	-	dnaQ1	+	rnhAdnaQ1
rnhA	-	dnaQ	+	rnhAdnaQ
rnhA	-	yafS1	+	rnhAyafS1
tnaAB	+	tnaCAB	+	tnaABtnaCAB
sdhCDAB	+	sdhDAB	+	sdhCDABsdhDAB
galET	-	galETKM	-	galETgalETKM
galET	-	galE	-	galETgalE
galET	-	galETK	-	galETgalETK
narZYWV	-	narWV	-	narZYWVnarWV
deoCABD	+	yjjJ2	+	deoCABDyjjJ2
deoCABD	+	deoABD	+	deoCABDdeoABD
udk-dcd	-	dcd	-	udk-dcddcd
yedA	+	dcm-vsr	-	yedAdcm-vsr
hepA	-	rapA-rluA	-	hepArapA-rluA
hepA	-	polB	-	hepApolB
iraD	+	hypT1	-	iraDhypT1
yjjB-dnaTC	-	yjjB-dnaTC-yjjA	-	yjjB-dnaTCyjjB-dnaTC-yjjA
pheM	-	rplT-pheM	-	pheMrplT-pheM
pheM	-	pheMST-ihfA	-	pheMpheMST-ihfA
gltIJKL-sroC	-	rihA1	-	gltIJKL-sroCrihA1
gltIJKL-sroC	-	gltI-sroC-gltJKL1	-	gltIJKL-sroCgltI-sroC-gltJKL1
proC	-	adrA	+	proCadrA
srlR	+	srlAEBD-gutM-srlR-gutQ	+	srlRsrlAEBD-gutM-srlR-gutQ
ybhB1	-	bioA	-	ybhB1bioA
creD	+	arcA	-	creDarcA
yajC-secDF	+	tgt-yajC	+	yajC-secDFtgt-yajC
yodC1	-	yedI1	-	yodC1yedI1
ligA-ypeB	-	yfeH1	+	ligA-ypeByfeH1
ada-alkB	-	alkB	-	ada-alkBalkB
secG1	-	secG-leuU	-	secG1secG-leuU
dnaQ1	+	dnaQ	+	dnaQ1dnaQ
gcvP	-	gcvTHP	-	gcvPgcvTHP
ppk-ppx1	+	ppk-ppx	+	ppk-ppx1ppk-ppx
mcrA1	+	pinE1	+	mcrA1pinE1
mcrA2	+	pinE2	+	mcrA2pinE2
araE	-	ygeA1	-	araEygeA1
micC	+	ydbK-ompN	-	micCydbK-ompN
yjjI	-	deoCABD	+	yjjIdeoCABD
nlpI1	-	yrbN-deaD	-	nlpI1yrbN-deaD
nlpI1	-	metY-yhbC-nusA-infB-rbfA-truB-rpsO-pnp	-	nlpI1metY-yhbC-nusA-infB-rbfA-truB-rpsO-pnp
nlpI1	-	rpsO-pnp	-	nlpI1rpsO-pnp
argF-xynR1	-	xynR	-	argF-xynR1xynR
torR	-	torT1	+	torRtorT1
ivbL-ilvBN	-	ivbL-ilvBN-uhpABC1	-	ivbL-ilvBNivbL-ilvBN-uhpABC1
menBCE	-	menFD-yfbB-menBCE	-	menBCEmenFD-yfbB-menBCE
menBCE	-	menD-yfbB-menBCE	-	menBCEmenD-yfbB-menBCE
dcuA	-	aspA-dcuA	-	dcuAaspA-dcuA
dcuA	-	aspX	-	dcuAaspX
dsbC	-	xerD-dsbC-recJ	-	dsbCxerD-dsbC-recJ
ytjC	+	yjjX2	-	ytjCyjjX2
ytjC	+	rob	-	ytjCrob
rplT-pheM	-	pheMST-ihfA	-	rplT-pheMpheMST-ihfA
rplT-pheM	-	infC-rpmI-rplT	-	rplT-pheMinfC-rpmI-rplT
mdtABCD-baeSR	+	baeSR	+	mdtABCD-baeSRbaeSR
rrsC-gltU-rrlC-rrfC	+	aspT1	+	rrsC-gltU-rrlC-rrfCaspT1
rrsC-gltU-rrlC-rrfC	+	trpt	+	rrsC-gltU-rrlC-rrfCtrpt
tam	+	lsrACDBFG-tam	+	tamlsrACDBFG-tam
msrB	-	gapA	+	msrBgapA
scpA-argK-scpBC	+	ygfI	-	scpA-argK-scpBCygfI
yjjJ2	+	deoCABD	+	yjjJ2deoCABD
psuT1	-	psuKG	-	psuT1psuKG
fur	-	fldA-uof-fur	-	furfldA-uof-fur
hemA-prfA-prmC	+	hemA	+	hemA-prfA-prmChemA
hemA-prfA-prmC	+	ychQA-kdsA	+	hemA-prfA-prmCychQA-kdsA
mntP	+	rlmA1	-	mntPrlmA1
frlABCDR	+	frlR	+	frlABCDRfrlR
aspA-dcuA	-	aspX	-	aspA-dcuAaspX
gntU1	-	gntKU	-	gntU1gntKU
gntU1	-	gntRKU	-	gntU1gntRKU
ycjXF-tyrR	+	ycjXF	+	ycjXF-tyrRycjXF
ycjXF-tyrR	+	tyrR	+	ycjXF-tyrRtyrR
yaaW1	-	htgA	+	yaaW1htgA
yaaW1	-	yaaI2	-	yaaW1yaaI2
murQP-yfeW	+	murR	-	murQP-yfeWmurR
grxC1	-	secB-gpsA	-	grxC1secB-gpsA
grxC1	-	yibN-grxC-secB-gpsA	-	grxC1yibN-grxC-secB-gpsA
glpFKX	-	glpFK	-	glpFKXglpFK
yggSTU-rdgB-hemW	+	rdgB-yggW	+	yggSTU-rdgB-hemWrdgB-yggW
yahE	+	yahDEFG	+	yahEyahDEFG
yciT	-	yciZT	-	yciTyciZT
ptrB	-	yobB-exoX1	+	ptrByobB-exoX1
apaGH	-	pdxA-rsmA-apaGH	-	apaGHpdxA-rsmA-apaGH
apaGH	-	rsmA-apaGH	-	apaGHrsmA-apaGH
rpoN-hpf-ptsN-yhbJ-npr	+	yrbG-kdsDC-lptCAB	+	rpoN-hpf-ptsN-yhbJ-npryrbG-kdsDC-lptCAB
xapB	-	xapAB	-	xapBxapAB
imp	-	imp-surA-pdxA	-	impimp-surA-pdxA
tnaCAB	+	tnaC	+	tnaCABtnaC
ybjL2	-	ybjM1	+	ybjL2ybjM1
xapAB	-	xapB	-	xapABxapB
yciSM-pyrF-yciH	+	lapAB	+	yciSM-pyrF-yciHlapAB
yciSM-pyrF-yciH	+	pyrF-yciH	+	yciSM-pyrF-yciHpyrF-yciH
dld1	+	bglX	-	dld1bglX
dld1	+	pbpG1	-	dld1pbpG1
dld2	+	pbpG2	-	dld2pbpG2
yjaA2	+	rrsE-gltV-rrlE-rrfE	+	yjaA2rrsE-gltV-rrlE-rrfE
lolB-ispE-prs	-	prs	-	lolB-ispE-prsprs
rihA1	-	hscC1	-	rihA1hscC1
rihA1	-	gltI-sroC-gltJKL1	-	rihA1gltI-sroC-gltJKL1
aspT1	+	rrsC-gltU-rrlC-rrfC	+	aspT1rrsC-gltU-rrlC-rrfC
ydaSTUVW-rzpR	+	rzoR	+	ydaSTUVW-rzpRrzoR
ydaSTUVW-rzpR	+	racR1	-	ydaSTUVW-rzpRracR1
holC1	-	valS	-	holC1valS
plsC	-	ftsP1	-	plsCftsP1
rimL	+	ydcH	+	rimLydcH
insE2F2EF2	-	yaiT	+	insE2F2EF2yaiT
ftsP1	-	ygiQ2	-	ftsP1ygiQ2
yfjM1	-	rnlA	+	yfjM1rnlA
yghQ2	-	yghSR	-	yghQ2yghSR
yrbG-kdsDC-lptCAB	+	yrbG-kdsD	+	yrbG-kdsDC-lptCAByrbG-kdsD
puuCBE	+	puuDRCBE	+	puuCBEpuuDRCBE
nemRA-gloA	+	gloA	+	nemRA-gloAgloA
flu	+	isrC	+	fluisrC
rlmL-uup	+	pqiABC	+	rlmL-uuppqiABC
rplL	+	rplJL-rpoBC	+	rplLrplJL-rpoBC
phoU	-	pstB-phoU	-	phoUpstB-phoU
phoU	-	pstCAB-phoU	-	phoUpstCAB-phoU
phoU	-	pstSCAB-phoU	-	phoUpstSCAB-phoU
ivbL-ilvBN-uhpABC1	-	uhpB	-	ivbL-ilvBN-uhpABC1uhpB
rpsU	+	rpsU-dnaG-rpoD	+	rpsUrpsU-dnaG-rpoD
yjgM1	-	yjgN2	+	yjgM1yjgN2
ybjC-nfsA-rimK-ybjN	+	rimK-ybjN	+	ybjC-nfsA-rimK-ybjNrimK-ybjN
ybjC-nfsA-rimK-ybjN	+	ybjN	+	ybjC-nfsA-rimK-ybjNybjN
alpA	+	yfjH1	-	alpAyfjH1
alpA	+	yfjI4	+	alpAyfjI4
speE	-	yacC-speED	-	speEyacC-speED
insH-10	-	yhcADE	+	insH-10yhcADE
serB-radA	+	serB1	+	serB-radAserB1
bamA-hlpA-lpxD-fabZ-lpxAB-rnhB-dnaE	+	rseP	+	bamA-hlpA-lpxD-fabZ-lpxAB-rnhB-dnaErseP
bamA-hlpA-lpxD-fabZ-lpxAB-rnhB-dnaE	+	fabZ	+	bamA-hlpA-lpxD-fabZ-lpxAB-rnhB-dnaEfabZ
bamA-hlpA-lpxD-fabZ-lpxAB-rnhB-dnaE	+	bamA	+	bamA-hlpA-lpxD-fabZ-lpxAB-rnhB-dnaEbamA
bamA-hlpA-lpxD-fabZ-lpxAB-rnhB-dnaE	+	accA	+	bamA-hlpA-lpxD-fabZ-lpxAB-rnhB-dnaEaccA
bamA-hlpA-lpxD-fabZ-lpxAB-rnhB-dnaE	+	lpxD	+	bamA-hlpA-lpxD-fabZ-lpxAB-rnhB-dnaElpxD
thrS-infC	-	infC-rpmI-rplT	-	thrS-infCinfC-rpmI-rplT
thrS-infC	-	infC	-	thrS-infCinfC
pgk	-	pgk-fbaA	-	pgkpgk-fbaA
sieB	+	ydaGF	-	sieBydaGF
pheMST-ihfA	-	ihfA	-	pheMST-ihfAihfA
dxr-uppS-cdsA1	+	rseP	+	dxr-uppS-cdsA1rseP
dxr-uppS-cdsA1	+	cdsA1	+	dxr-uppS-cdsA1cdsA1
dxr-uppS-cdsA2	+	cdsA2	+	dxr-uppS-cdsA2cdsA2
secB-gpsA	-	cysE	-	secB-gpsAcysE
secB-gpsA	-	yibN-grxC-secB-gpsA	-	secB-gpsAyibN-grxC-secB-gpsA
rseP	+	bamA	+	rsePbamA
rseP	+	cdsA1	+	rsePcdsA1
sthA	-	oxyR	+	sthAoxyR
ybeX-lnt	-	ybeZYX-lnt	-	ybeX-lntybeZYX-lnt
yncE	+	yncD1	-	yncEyncD1
gyrB	-	yidB1	-	gyrByidB1
gyrB	-	dnaN-recF	-	gyrBdnaN-recF
gyrB	-	dnaAN-recF	-	gyrBdnaAN-recF
gyrB	-	recF	-	gyrBrecF
cysZ1	+	zipA1	-	cysZ1zipA1
ibpAB	-	ibpB	-	ibpABibpB
alsK1	-	alsBACE	-	alsK1alsBACE
yahM1	+	xtpA	+	yahM1xtpA
mutM	-	mutM1	-	mutMmutM1
mutM	-	yicR-rpmBG-mutM	-	mutMyicR-rpmBG-mutM
yceQ1	+	rne	-	yceQ1rne
rfbACX	-	rfbBDACX	-	rfbACXrfbBDACX
dppBCDF	-	dppABCDF	-	dppBCDFdppABCDF
cynTSX	+	lacZYA	-	cynTSXlacZYA
cynTSX	+	cynTS	+	cynTSXcynTS
hcaT1	-	csiE	+	hcaT1csiE
hcaT1	-	hcaR	-	hcaT1hcaR
yicJI	-	selC	+	yicJIselC
flk	+	yfcJ1	-	flkyfcJ1
imp-surA-pdxA	-	djlA1	+	imp-surA-pdxAdjlA1
imp-surA-pdxA	-	pdxA-rsmA-apaGH	-	imp-surA-pdxApdxA-rsmA-apaGH
imp-surA-pdxA	-	rsmA-apaGH	-	imp-surA-pdxArsmA-apaGH
yehK1	+	yehHI	+	yehK1yehHI
trpS	-	aroKB-damX-dam-rpe-gph-trpS	-	trpSaroKB-damX-dam-rpe-gph-trpS
cysE	-	yibN-grxC-secB-gpsA	-	cysEyibN-grxC-secB-gpsA
rrlH-rrfH	+	rrsH-ileV-alaV-rrlH-rrfH	+	rrlH-rrfHrrsH-ileV-alaV-rrlH-rrfH
trpt	+	rrsC-gltU-rrlC-rrfC	+	trptrrsC-gltU-rrlC-rrfC
cstA	+	ybdD1	+	cstAybdD1
ycaN	-	ycaK2	+	ycaNycaK2
yahO	+	yahN1	-	yahOyahN1
holE1	+	yobB-exoX1	+	holE1yobB-exoX1
rfaH1	-	tatABC	+	rfaH1tatABC
rfaH1	-	tatD	+	rfaH1tatD
csgBAC	+	ymdAB-clsC	+	csgBACymdAB-clsC
csgBAC	+	ymdAB	+	csgBACymdAB
rstAB	+	tus1	+	rstABtus1
yidB1	-	gyrB	-	yidB1gyrB
yjeV	+	queG	-	yjeVqueG
mutM1	-	yicR-rpmBG	-	mutM1yicR-rpmBG
mutM1	-	yicR-rpmBG-mutM	-	mutM1yicR-rpmBG-mutM
yabR	-	ilvIH	+	yabRilvIH
yjfP1	+	ulaR1	-	yjfP1ulaR1
yjfP1	+	bsmA	-	yjfP1bsmA
rbn	+	elaA1	-	rbnelaA1
diaA	+	dolP	+	diaAdolP
lsp-fkpB-ispH	+	ileS-lspA-fkpB-ispH	+	lsp-fkpB-ispHileS-lspA-fkpB-ispH
lsp-fkpB-ispH	+	ribF-ileS-lspA-fkpB-ispH	+	lsp-fkpB-ispHribF-ileS-lspA-fkpB-ispH
nanCM	-	nanS1	-	nanCMnanS1
wcaCDEF-gmd-fcl-gmm-wcaI-cpsBG-wcaJ-wzxC	-	wza-wzb-wzc-wcaAB	-	wcaCDEF-gmd-fcl-gmm-wcaI-cpsBG-wcaJ-wzxCwza-wzb-wzc-wcaAB
ycjD1	-	sapABCDF	-	ycjD1sapABCDF
oppABCDF	+	oppBCDF	+	oppABCDFoppBCDF
phnCDEEFGHIJKLMNOP	-	phnLMNOP	-	phnCDEEFGHIJKLMNOPphnLMNOP
idnR	-	idnDOTR	-	idnRidnDOTR
fabG-acpP	+	fabDG-acpP	+	fabG-acpPfabDG-acpP
fabG-acpP	+	acpP-fabF	+	fabG-acpPacpP-fabF
fabG-acpP	+	plsX-fabHDG	+	fabG-acpPplsX-fabHDG
fabG-acpP	+	fabHDG	+	fabG-acpPfabHDG
def-fmt	+	smf	-	def-fmtsmf
nikABCDER	+	nikR	+	nikABCDERnikR
asnC-mioC	-	asnC-mioC-mnmG	-	asnC-mioCasnC-mioC-mnmG
mqsA	-	mqsRA	-	mqsAmqsRA
yihD	+	mobAB	-	yihDmobAB
tpke11	+	dnaKJ	+	tpke11dnaKJ
atpIBEFHAGDC	-	atpBEFHAGDC	-	atpIBEFHAGDCatpBEFHAGDC
ycjY-ymjDC-mpaA	-	pgrR	+	ycjY-ymjDC-mpaApgrR
ycjY-ymjDC-mpaA	-	ymjC-mpaA	-	ycjY-ymjDC-mpaAymjC-mpaA
ycjY-ymjDC-mpaA	-	ycjG	+	ycjY-ymjDC-mpaAycjG
ycgN3	+	ycgM	+	ycgN3ycgM
kdgR3	-	yebQ1	+	kdgR3yebQ1
ybgIJKL-nei	+	dtpD1	-	ybgIJKL-neidtpD1
fldA-uof-fur	-	fur	-	fldA-uof-furfur
yggX	+	mutY-yggX-mltC-nupG	+	yggXmutY-yggX-mltC-nupG
yoeA	+	insC3D3CD3	-	yoeAinsC3D3CD3
tsaB-yeaY	-	yeaY	-	tsaB-yeaYyeaY
rcsC2	-	atoSC	+	rcsC2atoSC
uvrYC	-	uvrC	-	uvrYCuvrC
yiaD1	+	ghrB1	+	yiaD1ghrB1
yiaD1	+	bisC1	-	yiaD1bisC1
yiaD2	+	bisC2	-	yiaD2bisC2
yohC1	-	pbpG1	-	yohC1pbpG1
mscL	+	arfA	-	mscLarfA
yciG	-	yciGFE	-	yciGyciGFE
gadXW	-	gadW	-	gadXWgadW
insN-2	+	yjhV	+	insN-2yjhV
infC-rpmI-rplT	-	infC	-	infC-rpmI-rplTinfC
ymjA1	-	puuP	-	ymjA1puuP
ymjA1	-	puuAP	-	ymjA1puuAP
sfsA-dksA	-	ligT	-	sfsA-dksAligT
frc	-	oxc1	-	frcoxc1
yafC1	-	yafDE	+	yafC1yafDE
puuP	-	puuAP	-	puuPpuuAP
tus1	+	fumAC	-	tus1fumAC
insH-8	-	yejO	-	insH-8yejO
fabDG-acpP	+	acpP-fabF	+	fabDG-acpPacpP-fabF
fabDG-acpP	+	plsX-fabHDG	+	fabDG-acpPplsX-fabHDG
fabDG-acpP	+	fabHDG	+	fabDG-acpPfabHDG
ybdD1	+	cstA	+	ybdD1cstA
yeiH1	+	yeiE3	-	yeiH1yeiE3
gntKU	-	gntRKU	-	gntKUgntRKU
mqsRA	-	mqsA	-	mqsRAmqsA
dpiBA	+	citCDEFXG	-	dpiBAcitCDEFXG
ymjC-mpaA	-	ycjG	+	ymjC-mpaAycjG
tyrV-tpr	-	rttR	-	tyrV-tprrttR
yqgD	-	metK	+	yqgDmetK
yadC	-	yadMLKC	-	yadCyadMLKC
relA-mazEF	-	ameF	+	relA-mazEFameF
ymdAB-clsC	+	ymdB-clsC	+	ymdAB-clsCymdB-clsC
ymdAB-clsC	+	ymdAB	+	ymdAB-clsCymdAB
lrp	+	ftsK	+	lrpftsK
fldB	+	xerD1	-	fldBxerD1
yjcH-actP	-	acs-yjcHG	-	yjcH-actPacs-yjcHG
rimK-ybjN	+	ybjN	+	rimK-ybjNybjN
glxK	+	gcl-hyi-glxR-ybbVW-allB-ybbY-glxK	+	glxKgcl-hyi-glxR-ybbVW-allB-ybbY-glxK
yqhD-dkgA	+	yqhC1	-	yqhD-dkgAyqhC1
ymdB-clsC	+	ymdAB	+	ymdB-clsCymdAB
yicR-rpmBG	-	yicR-rpmBG-mutM	-	yicR-rpmBGyicR-rpmBG-mutM
ybhQ	+	cecR-ybhGFSR	-	ybhQcecR-ybhGFSR
menFD-yfbB-menBCE	-	menD-yfbB-menBCE	-	menFD-yfbB-menBCEmenD-yfbB-menBCE
bamD	+	rluD-pgeF	-	bamDrluD-pgeF
miaA-hfq-hflXKC	+	hfq-hflXKC1	+	miaA-hfq-hflXKChfq-hflXKC1
yajG-ampG	-	ampG1	-	yajG-ampGampG1
sugE	+	blc	-	sugEblc
ydbK	-	ydbK-ompN	-	ydbKydbK-ompN
hfq-hflXKC1	+	miaA-hfq-hflXKC	+	hfq-hflXKC1miaA-hfq-hflXKC
rzoD	+	essD-ybcS-rzpD	+	rzoDessD-ybcS-rzpD
ryjB	+	sgcXBCQAER	-	ryjBsgcXBCQAER
cbrBC	+	cbrC	+	cbrBCcbrC
xseB-ispA-dxs-yajO	-	yajO	-	xseB-ispA-dxs-yajOyajO
ravA-viaA	-	kup	+	ravA-viaAkup
poxB	-	hcp-hcr-poxB	-	poxBhcp-hcr-poxB
ychJ-purU	-	purU	-	ychJ-purUpurU
kdsA	+	ychQA-kdsA	+	kdsAychQA-kdsA
pdxA-rsmA-apaGH	-	rsmA-apaGH	-	pdxA-rsmA-apaGHrsmA-apaGH
plsX-fabHDG	+	fabHDG	+	plsX-fabHDGfabHDG
tatABC	+	tatD	+	tatABCtatD
